# path	original_sha256	current_sha256	pool_commit	license	upstream_sha	modifications
LeanPool/Incompleteness.lean	49543b4845bde1a41da4a0aa8dbee3768050a8b68c9a881178e32ab2ee9430ac	49543b4845bde1a41da4a0aa8dbee3768050a8b68c9a881178e32ab2ee9430ac	c8ddda0a64f21cb019720cdda48c94354d4091e7	Apache-2.0	unresolved	none
LeanPool/Incompleteness/Arith/D1.lean	21aeed4443cd8de70a39d949dfa4161b98531c3898407eda9ce2e56f16206214	21aeed4443cd8de70a39d949dfa4161b98531c3898407eda9ce2e56f16206214	c8ddda0a64f21cb019720cdda48c94354d4091e7	Apache-2.0	unresolved	none
LeanPool/Incompleteness/Arith/D3.lean	28ff8d3bc3b89a4919c1bc6ac977a9928ab47e6b9ca25a40e34dd81bc73ded0d	28ff8d3bc3b89a4919c1bc6ac977a9928ab47e6b9ca25a40e34dd81bc73ded0d	c8ddda0a64f21cb019720cdda48c94354d4091e7	Apache-2.0	unresolved	none
LeanPool/Incompleteness/Arith/DC.lean	88b5b4d92a6db350f6c512ce41b62343f2ffb98a0190ae0ae058078159bb5889	88b5b4d92a6db350f6c512ce41b62343f2ffb98a0190ae0ae058078159bb5889	c8ddda0a64f21cb019720cdda48c94354d4091e7	Apache-2.0	unresolved	none
LeanPool/Incompleteness/Arith/First.lean	f292879456efbac944f3070f855bec8391a5450c04029841e47ee98f5892ea4d	f292879456efbac944f3070f855bec8391a5450c04029841e47ee98f5892ea4d	c8ddda0a64f21cb019720cdda48c94354d4091e7	Apache-2.0	unresolved	none
LeanPool/Incompleteness/Arith/FormalizedArithmetic.lean	6849bf1e780eca7e69d11c76e25f0de45c6e18b8bb735fa53c01d1fe38b54fc8	6849bf1e780eca7e69d11c76e25f0de45c6e18b8bb735fa53c01d1fe38b54fc8	c8ddda0a64f21cb019720cdda48c94354d4091e7	Apache-2.0	unresolved	none
LeanPool/Incompleteness/Arith/Second.lean	73c7a81a07fdd2d8036980ba323ba435af87aae4e9819ed1ead49dc6c56c75a9	73c7a81a07fdd2d8036980ba323ba435af87aae4e9819ed1ead49dc6c56c75a9	c8ddda0a64f21cb019720cdda48c94354d4091e7	Apache-2.0	unresolved	none
LeanPool/Incompleteness/Arith/Theory.lean	cad28d7e4ce4000d043c33a73bb6a553acff31b1d0324c808f1ffd634eaf97b4	cad28d7e4ce4000d043c33a73bb6a553acff31b1d0324c808f1ffd634eaf97b4	c8ddda0a64f21cb019720cdda48c94354d4091e7	Apache-2.0	unresolved	none
LeanPool/Incompleteness/Arithmetization/Basic/IOpen.lean	4b8184f0bed0185042b8f4bcdafa58e3410f4dfc64900bada00b2340241eec5c	826dab39c3da556fa5aba5591ad4e85ce53d755e0178d09f5bc4deb862a23e88	c8ddda0a64f21cb019720cdda48c94354d4091e7	Apache-2.0	unresolved	Mathlib path compatibility port
LeanPool/Incompleteness/Arithmetization/Basic/Ind.lean	d5db6bbf486ae223ee30ab55e7bd346603afde739076c6b5bf5f320420741d52	d5db6bbf486ae223ee30ab55e7bd346603afde739076c6b5bf5f320420741d52	c8ddda0a64f21cb019720cdda48c94354d4091e7	Apache-2.0	unresolved	none
LeanPool/Incompleteness/Arithmetization/Basic/PeanoMinus.lean	bc61c0c9f87aed4c832521c1614b17735a1e477b2d493c1e6de2ece35ca870db	bc61c0c9f87aed4c832521c1614b17735a1e477b2d493c1e6de2ece35ca870db	c8ddda0a64f21cb019720cdda48c94354d4091e7	Apache-2.0	unresolved	none
LeanPool/Incompleteness/Arithmetization/Definability/Absoluteness.lean	587b79218c7cebdce4fc63b7faaa73a2f0bb24d37665988730ec5c3c3de3ba94	587b79218c7cebdce4fc63b7faaa73a2f0bb24d37665988730ec5c3c3de3ba94	c8ddda0a64f21cb019720cdda48c94354d4091e7	Apache-2.0	unresolved	none
LeanPool/Incompleteness/Arithmetization/Definability/Boldface.lean	e4b9cc08529b4be7b91623d78500bfb038f0b38f433ed5da2aa03d6e43bed7bd	e4b9cc08529b4be7b91623d78500bfb038f0b38f433ed5da2aa03d6e43bed7bd	c8ddda0a64f21cb019720cdda48c94354d4091e7	Apache-2.0	unresolved	none
LeanPool/Incompleteness/Arithmetization/Definability/BoundedBoldface.lean	adbb5931d0b6d6618a7d8465687af55969ab648c6d988275bddf5b884a3455a3	adbb5931d0b6d6618a7d8465687af55969ab648c6d988275bddf5b884a3455a3	c8ddda0a64f21cb019720cdda48c94354d4091e7	Apache-2.0	unresolved	none
LeanPool/Incompleteness/Arithmetization/Definability/Hierarchy.lean	56492feb2663650c086ae06395aed6562c2da27144750f795481257dde1b183a	56492feb2663650c086ae06395aed6562c2da27144750f795481257dde1b183a	c8ddda0a64f21cb019720cdda48c94354d4091e7	Apache-2.0	unresolved	none
LeanPool/Incompleteness/Arithmetization/Definability/Init.lean	52ad90ba5a44aa45c8901f0719eec4eb6e55429e132a6bd48a789b23c7ecf1e0	52ad90ba5a44aa45c8901f0719eec4eb6e55429e132a6bd48a789b23c7ecf1e0	c8ddda0a64f21cb019720cdda48c94354d4091e7	Apache-2.0	unresolved	none
LeanPool/Incompleteness/Arithmetization/ISigmaOne/Bit.lean	4e9e8c5004f2f27ddde2b9da755a3f5e55355b25da1bb60b4464bd743600b5aa	4e9e8c5004f2f27ddde2b9da755a3f5e55355b25da1bb60b4464bd743600b5aa	c8ddda0a64f21cb019720cdda48c94354d4091e7	Apache-2.0	unresolved	none
LeanPool/Incompleteness/Arithmetization/ISigmaOne/HFS/Basic.lean	4ec197b09f7ecfdc0a2fa6a8e640c07bef02a61328e1c202333c607baf8a0517	4ec197b09f7ecfdc0a2fa6a8e640c07bef02a61328e1c202333c607baf8a0517	c8ddda0a64f21cb019720cdda48c94354d4091e7	Apache-2.0	unresolved	none
LeanPool/Incompleteness/Arithmetization/ISigmaOne/HFS/Coding.lean	52b8cef9c1d7fd209cee68295b20e914ff41e7c803981bc820c9c94c0f9d7445	52b8cef9c1d7fd209cee68295b20e914ff41e7c803981bc820c9c94c0f9d7445	c8ddda0a64f21cb019720cdda48c94354d4091e7	Apache-2.0	unresolved	none
LeanPool/Incompleteness/Arithmetization/ISigmaOne/HFS/Fixpoint.lean	f5bdc9c7682cd147dff026267506de744f27d26d440c418941c3c3e3647a1eb6	f5bdc9c7682cd147dff026267506de744f27d26d440c418941c3c3e3647a1eb6	c8ddda0a64f21cb019720cdda48c94354d4091e7	Apache-2.0	unresolved	none
LeanPool/Incompleteness/Arithmetization/ISigmaOne/HFS/PRF.lean	1f870994da38ad799e6aa83be6f3236b2238b525ad726c5e0cf845741cd596d5	1f870994da38ad799e6aa83be6f3236b2238b525ad726c5e0cf845741cd596d5	c8ddda0a64f21cb019720cdda48c94354d4091e7	Apache-2.0	unresolved	none
LeanPool/Incompleteness/Arithmetization/ISigmaOne/HFS/Seq.lean	229442af89e36a68d10b374274183eb4d36922889a4bae4bce414ec4027fc34f	229442af89e36a68d10b374274183eb4d36922889a4bae4bce414ec4027fc34f	c8ddda0a64f21cb019720cdda48c94354d4091e7	Apache-2.0	unresolved	none
LeanPool/Incompleteness/Arithmetization/ISigmaOne/HFS/Vec.lean	59046511064ef8e9dfdb9fa9e6ee90ff0248a18b6d3d94ec3a2f1a45ddb2a3dd	59046511064ef8e9dfdb9fa9e6ee90ff0248a18b6d3d94ec3a2f1a45ddb2a3dd	c8ddda0a64f21cb019720cdda48c94354d4091e7	Apache-2.0	unresolved	none
LeanPool/Incompleteness/Arithmetization/ISigmaOne/HFS.lean	ee94e474a5fa3b27e7fdf0826b1a2ee979c78a11d862a0fb482703c384f92558	ee94e474a5fa3b27e7fdf0826b1a2ee979c78a11d862a0fb482703c384f92558	c8ddda0a64f21cb019720cdda48c94354d4091e7	Apache-2.0	unresolved	none
LeanPool/Incompleteness/Arithmetization/ISigmaOne/Metamath/CodedTheory.lean	d4376188b417ac93f68e4360172e305800826f656aed36d62886493a6a483285	d4376188b417ac93f68e4360172e305800826f656aed36d62886493a6a483285	c8ddda0a64f21cb019720cdda48c94354d4091e7	Apache-2.0	unresolved	none
LeanPool/Incompleteness/Arithmetization/ISigmaOne/Metamath/Coding.lean	1df4fa0d586cee58f0e59c5f7b0d206abd566de971d7543fecdd748f92c6af67	1df4fa0d586cee58f0e59c5f7b0d206abd566de971d7543fecdd748f92c6af67	c8ddda0a64f21cb019720cdda48c94354d4091e7	Apache-2.0	unresolved	none
LeanPool/Incompleteness/Arithmetization/ISigmaOne/Metamath/Formula/Basic.lean	fed31b29ee78dabde98acbf465d2872247f8fa2c5bf5adaef96db31b11617533	fed31b29ee78dabde98acbf465d2872247f8fa2c5bf5adaef96db31b11617533	c8ddda0a64f21cb019720cdda48c94354d4091e7	Apache-2.0	unresolved	none
LeanPool/Incompleteness/Arithmetization/ISigmaOne/Metamath/Formula/Functions.lean	7ac0872c31096f3d579e3535c3e1d9bd87ba98ca53bd701791c4085cc2dee3c5	7ac0872c31096f3d579e3535c3e1d9bd87ba98ca53bd701791c4085cc2dee3c5	c8ddda0a64f21cb019720cdda48c94354d4091e7	Apache-2.0	unresolved	none
LeanPool/Incompleteness/Arithmetization/ISigmaOne/Metamath/Formula/Iteration.lean	1ce8e83d2bfdc83ca81bb4b0eed721634732956211a08571c281c21624663edb	1ce8e83d2bfdc83ca81bb4b0eed721634732956211a08571c281c21624663edb	c8ddda0a64f21cb019720cdda48c94354d4091e7	Apache-2.0	unresolved	none
LeanPool/Incompleteness/Arithmetization/ISigmaOne/Metamath/Formula/Typed.lean	c75797bcb3821fdf84b3c59666360bba13770d5869df38a7858d37ddfc174883	c75797bcb3821fdf84b3c59666360bba13770d5869df38a7858d37ddfc174883	c8ddda0a64f21cb019720cdda48c94354d4091e7	Apache-2.0	unresolved	none
LeanPool/Incompleteness/Arithmetization/ISigmaOne/Metamath/Language.lean	83f43292332cd2f26d71d7552f23c4470cebeefe4702f902550ace0f9e455907	83f43292332cd2f26d71d7552f23c4470cebeefe4702f902550ace0f9e455907	c8ddda0a64f21cb019720cdda48c94354d4091e7	Apache-2.0	unresolved	none
LeanPool/Incompleteness/Arithmetization/ISigmaOne/Metamath/Proof/Derivation.lean	d327cefb76bc66ea4d021f11915355869d56bb05223b82ee8d057933093f3c86	d327cefb76bc66ea4d021f11915355869d56bb05223b82ee8d057933093f3c86	c8ddda0a64f21cb019720cdda48c94354d4091e7	Apache-2.0	unresolved	none
LeanPool/Incompleteness/Arithmetization/ISigmaOne/Metamath/Proof/Thy.lean	98c09d899879e80ecab6ed57b2b339074ec0a56c4391518f0d3073ec5ef85061	98c09d899879e80ecab6ed57b2b339074ec0a56c4391518f0d3073ec5ef85061	c8ddda0a64f21cb019720cdda48c94354d4091e7	Apache-2.0	unresolved	none
LeanPool/Incompleteness/Arithmetization/ISigmaOne/Metamath/Proof/Typed.lean	2556dcc166431ff7585282a1a80e59d4a3cdd991cd0932ea1a3391b407b83281	2556dcc166431ff7585282a1a80e59d4a3cdd991cd0932ea1a3391b407b83281	c8ddda0a64f21cb019720cdda48c94354d4091e7	Apache-2.0	unresolved	none
LeanPool/Incompleteness/Arithmetization/ISigmaOne/Metamath/Term/Basic.lean	b2dca4e49fa2c06e251318d33afa61a1d81b92f57f52a0c4619908c847fd72c0	b2dca4e49fa2c06e251318d33afa61a1d81b92f57f52a0c4619908c847fd72c0	c8ddda0a64f21cb019720cdda48c94354d4091e7	Apache-2.0	unresolved	none
LeanPool/Incompleteness/Arithmetization/ISigmaOne/Metamath/Term/Functions.lean	5148f46da0093a49049754b83e47f85229eb974e8cc5822adad139f0ce9acfca	5148f46da0093a49049754b83e47f85229eb974e8cc5822adad139f0ce9acfca	c8ddda0a64f21cb019720cdda48c94354d4091e7	Apache-2.0	unresolved	none
LeanPool/Incompleteness/Arithmetization/ISigmaOne/Metamath/Term/Typed.lean	89315ff0f425a2b511404226765b51b04ddd6e8c8888d2b57fafc604ded70ee3	89315ff0f425a2b511404226765b51b04ddd6e8c8888d2b57fafc604ded70ee3	c8ddda0a64f21cb019720cdda48c94354d4091e7	Apache-2.0	unresolved	none
LeanPool/Incompleteness/Arithmetization/ISigmaOne/Metamath.lean	eaabe3ef28291bca517d029e463b1264908d04012d1837016b18c9324e06d6e6	eaabe3ef28291bca517d029e463b1264908d04012d1837016b18c9324e06d6e6	c8ddda0a64f21cb019720cdda48c94354d4091e7	Apache-2.0	unresolved	none
LeanPool/Incompleteness/Arithmetization/ISigmaZero/Exponential/Exp.lean	f0bf6bd9652527fc1bddc4f4ffae065b3e447e29fcdc2d2d69c1b8adbdeb9e6f	f0bf6bd9652527fc1bddc4f4ffae065b3e447e29fcdc2d2d69c1b8adbdeb9e6f	c8ddda0a64f21cb019720cdda48c94354d4091e7	Apache-2.0	unresolved	none
LeanPool/Incompleteness/Arithmetization/ISigmaZero/Exponential/Log.lean	ef0e9da89d91cd785e7e391769314b4047e6d4dfb006008d401c4dc2e231ad37	ef0e9da89d91cd785e7e391769314b4047e6d4dfb006008d401c4dc2e231ad37	c8ddda0a64f21cb019720cdda48c94354d4091e7	Apache-2.0	unresolved	none
LeanPool/Incompleteness/Arithmetization/ISigmaZero/Exponential/PPow2.lean	18e43dfc67f67c149c3edc69666e59a39f0406b3c7aef2ac30d510511fc51b8c	18e43dfc67f67c149c3edc69666e59a39f0406b3c7aef2ac30d510511fc51b8c	c8ddda0a64f21cb019720cdda48c94354d4091e7	Apache-2.0	unresolved	none
LeanPool/Incompleteness/Arithmetization/ISigmaZero/Exponential/Pow2.lean	c1acc200d72c224db5ac851fd32b71f2a17834c5cac3b985b0f03a1de2b7c2ba	c1acc200d72c224db5ac851fd32b71f2a17834c5cac3b985b0f03a1de2b7c2ba	c8ddda0a64f21cb019720cdda48c94354d4091e7	Apache-2.0	unresolved	none
LeanPool/Incompleteness/Arithmetization/Vorspiel/ExistsUnique.lean	ba73ad4508bc1cfe565abba73e3eecdc2e7a04368c31e6158e7ce9c7449d12d6	ba73ad4508bc1cfe565abba73e3eecdc2e7a04368c31e6158e7ce9c7449d12d6	c8ddda0a64f21cb019720cdda48c94354d4091e7	Apache-2.0	unresolved	none
LeanPool/Incompleteness/Arithmetization/Vorspiel/Graph.lean	5f87e6c909559630d1f18bb3c8e9273ffd4593e7c4d0658e2e29f00729ae1d8f	5f87e6c909559630d1f18bb3c8e9273ffd4593e7c4d0658e2e29f00729ae1d8f	c8ddda0a64f21cb019720cdda48c94354d4091e7	Apache-2.0	unresolved	none
LeanPool/Incompleteness/Arithmetization/Vorspiel/Lemmata.lean	343642b7e1e162f7212cb830667095f023783e073e87a222af5cacd51bbf8d87	343642b7e1e162f7212cb830667095f023783e073e87a222af5cacd51bbf8d87	c8ddda0a64f21cb019720cdda48c94354d4091e7	Apache-2.0	unresolved	none
LeanPool/Incompleteness/Arithmetization/Vorspiel/Vorspiel.lean	375c51a6b7b826aedbb9f3039ed93a524cf4806df7cfff62b1305f263a15bb63	375c51a6b7b826aedbb9f3039ed93a524cf4806df7cfff62b1305f263a15bb63	c8ddda0a64f21cb019720cdda48c94354d4091e7	Apache-2.0	unresolved	none
LeanPool/Incompleteness/DC/Basic.lean	cba89b634ddc5938435281fa9799d9e4414531a4b5b112d447ce0f7c53d590c9	cba89b634ddc5938435281fa9799d9e4414531a4b5b112d447ce0f7c53d590c9	c8ddda0a64f21cb019720cdda48c94354d4091e7	Apache-2.0	unresolved	none
LeanPool/Incompleteness/Foundation/FirstOrder/Arith/Basic.lean	d066890f511b734e52c2876227c81d45e21ca882aec80a992b0f2600fbafe12c	d066890f511b734e52c2876227c81d45e21ca882aec80a992b0f2600fbafe12c	c8ddda0a64f21cb019720cdda48c94354d4091e7	Apache-2.0	unresolved	none
LeanPool/Incompleteness/Foundation/FirstOrder/Arith/CobhamR0.lean	3b42d71bb2deb399ff75e27065dc703433cc4cbd2323d902d3e3d94c1b0d45ac	3b42d71bb2deb399ff75e27065dc703433cc4cbd2323d902d3e3d94c1b0d45ac	c8ddda0a64f21cb019720cdda48c94354d4091e7	Apache-2.0	unresolved	none
LeanPool/Incompleteness/Foundation/FirstOrder/Arith/Hierarchy.lean	d3b940e2758eb4ff002bb5cc9df0384f1a0ebc099a28a100c537b5a012816dfe	d3b940e2758eb4ff002bb5cc9df0384f1a0ebc099a28a100c537b5a012816dfe	c8ddda0a64f21cb019720cdda48c94354d4091e7	Apache-2.0	unresolved	none
LeanPool/Incompleteness/Foundation/FirstOrder/Arith/Model.lean	fc0956d855098bb53a1f0fb5df37a8860c10d4311e163450adc828f9b26d6600	fc0956d855098bb53a1f0fb5df37a8860c10d4311e163450adc828f9b26d6600	c8ddda0a64f21cb019720cdda48c94354d4091e7	Apache-2.0	unresolved	none
LeanPool/Incompleteness/Foundation/FirstOrder/Arith/PeanoMinus.lean	d7763e00a53d4ba84c86bb7d761b7b5cd1ebec4c7f43b619f9b9ce001072ce49	d7763e00a53d4ba84c86bb7d761b7b5cd1ebec4c7f43b619f9b9ce001072ce49	c8ddda0a64f21cb019720cdda48c94354d4091e7	Apache-2.0	unresolved	none
LeanPool/Incompleteness/Foundation/FirstOrder/Arith/Representation.lean	ec4575a59c0ae6b7ae42357da2c9290f46c77449e9cc089bda6c15ed01ad7a9a	ec4575a59c0ae6b7ae42357da2c9290f46c77449e9cc089bda6c15ed01ad7a9a	c8ddda0a64f21cb019720cdda48c94354d4091e7	Apache-2.0	unresolved	none
LeanPool/Incompleteness/Foundation/FirstOrder/Arith/StrictHierarchy.lean	b4e8b8ddeda555185802d305fc05c93aa47acb4e0a21285025eee045d8752448	b4e8b8ddeda555185802d305fc05c93aa47acb4e0a21285025eee045d8752448	c8ddda0a64f21cb019720cdda48c94354d4091e7	Apache-2.0	unresolved	none
LeanPool/Incompleteness/Foundation/FirstOrder/Arith/Theory.lean	7c57cfd3df1aa226e71cbbf897e57059576abc9dfe2915698fab79773a617dea	7c57cfd3df1aa226e71cbbf897e57059576abc9dfe2915698fab79773a617dea	c8ddda0a64f21cb019720cdda48c94354d4091e7	Apache-2.0	unresolved	none
LeanPool/Incompleteness/Foundation/FirstOrder/Basic/BinderNotation.lean	fcafe054194abaee3283c97c1eab3996e21fd3975fe1f1815be88008672d6333	fcafe054194abaee3283c97c1eab3996e21fd3975fe1f1815be88008672d6333	c8ddda0a64f21cb019720cdda48c94354d4091e7	Apache-2.0	unresolved	none
LeanPool/Incompleteness/Foundation/FirstOrder/Basic/Calculus.lean	a8711cc298548cd0145850733cd14cc6523b53d7298c58b0e6541958c903c00d	a8711cc298548cd0145850733cd14cc6523b53d7298c58b0e6541958c903c00d	c8ddda0a64f21cb019720cdda48c94354d4091e7	Apache-2.0	unresolved	none
LeanPool/Incompleteness/Foundation/FirstOrder/Basic/Calculus2.lean	b1d0133a6bf8acc890c1d1559baf4ea4037b69ea7918eb50a71c225c2881a6c6	b1d0133a6bf8acc890c1d1559baf4ea4037b69ea7918eb50a71c225c2881a6c6	c8ddda0a64f21cb019720cdda48c94354d4091e7	Apache-2.0	unresolved	none
LeanPool/Incompleteness/Foundation/FirstOrder/Basic/Coding.lean	0a2f561e3dd22337e942708526911088b64a0f76fea0c5b0e4b55d5f6427603b	0a2f561e3dd22337e942708526911088b64a0f76fea0c5b0e4b55d5f6427603b	c8ddda0a64f21cb019720cdda48c94354d4091e7	Apache-2.0	unresolved	none
LeanPool/Incompleteness/Foundation/FirstOrder/Basic/Eq.lean	2af6062997b1a9c4a2384c3c01cfdca2dbd8eaca2f1dfcb30358dd97fd05650f	2af6062997b1a9c4a2384c3c01cfdca2dbd8eaca2f1dfcb30358dd97fd05650f	c8ddda0a64f21cb019720cdda48c94354d4091e7	Apache-2.0	unresolved	none
LeanPool/Incompleteness/Foundation/FirstOrder/Basic/Model.lean	cbd00728bfc9aa327b3c39a9f91b4aa0e7b46eaa56e0b9d9f51c9e029afdb095	cbd00728bfc9aa327b3c39a9f91b4aa0e7b46eaa56e0b9d9f51c9e029afdb095	c8ddda0a64f21cb019720cdda48c94354d4091e7	Apache-2.0	unresolved	none
LeanPool/Incompleteness/Foundation/FirstOrder/Basic/Operator.lean	baf7cdbf270cd81ee6c56af68fe7bd4048bb31f7223b5aa0241b95be618e7bdc	baf7cdbf270cd81ee6c56af68fe7bd4048bb31f7223b5aa0241b95be618e7bdc	c8ddda0a64f21cb019720cdda48c94354d4091e7	Apache-2.0	unresolved	none
LeanPool/Incompleteness/Foundation/FirstOrder/Basic/Semantics/Elementary.lean	e391bea1f96d92cde9d6ed1bc293c2aca11a8ff60a9def747e64b2b1c7f7693f	e391bea1f96d92cde9d6ed1bc293c2aca11a8ff60a9def747e64b2b1c7f7693f	c8ddda0a64f21cb019720cdda48c94354d4091e7	Apache-2.0	unresolved	none
LeanPool/Incompleteness/Foundation/FirstOrder/Basic/Semantics/Semantics.lean	1c48e45cf590e0946217016eb65deec16154a726672bb1993fa2d773262cdb3d	1c48e45cf590e0946217016eb65deec16154a726672bb1993fa2d773262cdb3d	c8ddda0a64f21cb019720cdda48c94354d4091e7	Apache-2.0	unresolved	none
LeanPool/Incompleteness/Foundation/FirstOrder/Basic/Soundness.lean	02ed6749427fd8591a5dd20e134009cce56d54b78ce4806a8a63db82522b62aa	02ed6749427fd8591a5dd20e134009cce56d54b78ce4806a8a63db82522b62aa	c8ddda0a64f21cb019720cdda48c94354d4091e7	Apache-2.0	unresolved	none
LeanPool/Incompleteness/Foundation/FirstOrder/Basic/Syntax/Formula.lean	ff6a3aecaa0f4683b980a75473d5c5e1078ba13941ce3c4bf1e6756c7bbf77be	ff6a3aecaa0f4683b980a75473d5c5e1078ba13941ce3c4bf1e6756c7bbf77be	c8ddda0a64f21cb019720cdda48c94354d4091e7	Apache-2.0	unresolved	none
LeanPool/Incompleteness/Foundation/FirstOrder/Basic/Syntax/Rew.lean	7536f9855c3c46b55000d2730f99229461d834a4f2144df0602dae4cebafe408	7536f9855c3c46b55000d2730f99229461d834a4f2144df0602dae4cebafe408	c8ddda0a64f21cb019720cdda48c94354d4091e7	Apache-2.0	unresolved	none
LeanPool/Incompleteness/Foundation/FirstOrder/Basic.lean	29986c2ae41dcaabe0257dc095fc57fab28f065e5cf7635ec4d4f2810d22c4a8	29986c2ae41dcaabe0257dc095fc57fab28f065e5cf7635ec4d4f2810d22c4a8	c8ddda0a64f21cb019720cdda48c94354d4091e7	Apache-2.0	unresolved	none
LeanPool/Incompleteness/Foundation/FirstOrder/Completeness/Coding.lean	26d5bfe920775b0b96de7916fc976321c43cbd60ce69c72d713a67a537661e51	26d5bfe920775b0b96de7916fc976321c43cbd60ce69c72d713a67a537661e51	c8ddda0a64f21cb019720cdda48c94354d4091e7	Apache-2.0	unresolved	none
LeanPool/Incompleteness/Foundation/FirstOrder/Completeness/Completeness.lean	c385230280b26f5eaf2419ab461c526482a87006796079e828bd7dedbb14161f	c385230280b26f5eaf2419ab461c526482a87006796079e828bd7dedbb14161f	c8ddda0a64f21cb019720cdda48c94354d4091e7	Apache-2.0	unresolved	none
LeanPool/Incompleteness/Foundation/FirstOrder/Completeness/Corollaries.lean	8437541908a0073dbf7eb33f8c618ffb7d20f5c6a197addf64af84e7ade4294c	8437541908a0073dbf7eb33f8c618ffb7d20f5c6a197addf64af84e7ade4294c	c8ddda0a64f21cb019720cdda48c94354d4091e7	Apache-2.0	unresolved	none
LeanPool/Incompleteness/Foundation/FirstOrder/Completeness/SearchTree.lean	3ea6f1ce942168d21989fe7a7262044298265abae80305cbaec6fdd0afd20e11	3ea6f1ce942168d21989fe7a7262044298265abae80305cbaec6fdd0afd20e11	c8ddda0a64f21cb019720cdda48c94354d4091e7	Apache-2.0	unresolved	none
LeanPool/Incompleteness/Foundation/FirstOrder/Completeness/SubLanguage.lean	860aee789ed4bd922692f3b3e7e3622bda08a4e2e076ec68ff16ad694f887dfa	860aee789ed4bd922692f3b3e7e3622bda08a4e2e076ec68ff16ad694f887dfa	c8ddda0a64f21cb019720cdda48c94354d4091e7	Apache-2.0	unresolved	none
LeanPool/Incompleteness/Foundation/FirstOrder/Order/Le.lean	cbf160e153c723c1c0bf16ba75621b31f60de3e4b7df935ed9cc2cd276dd79b3	cbf160e153c723c1c0bf16ba75621b31f60de3e4b7df935ed9cc2cd276dd79b3	c8ddda0a64f21cb019720cdda48c94354d4091e7	Apache-2.0	unresolved	none
LeanPool/Incompleteness/Foundation/FirstOrder/Ultraproduct.lean	4c4d6fcf6507582f3f597289178ea4c0213d5ec8173432798f4071d547ad8b77	4c4d6fcf6507582f3f597289178ea4c0213d5ec8173432798f4071d547ad8b77	c8ddda0a64f21cb019720cdda48c94354d4091e7	Apache-2.0	unresolved	none
LeanPool/Incompleteness/Foundation/IntProp/Formula.lean	410934a6e4cabebf8afc7e5b1386e5ec1648b1a4b858e36a76ed9db6d9b1fbf5	410934a6e4cabebf8afc7e5b1386e5ec1648b1a4b858e36a76ed9db6d9b1fbf5	c8ddda0a64f21cb019720cdda48c94354d4091e7	Apache-2.0	unresolved	none
LeanPool/Incompleteness/Foundation/IntProp/Hilbert/Basic.lean	21efa0101aca0929283d615e497b06a12a6ec94af46f6c5b35115d0ffd00f8d1	21efa0101aca0929283d615e497b06a12a6ec94af46f6c5b35115d0ffd00f8d1	c8ddda0a64f21cb019720cdda48c94354d4091e7	Apache-2.0	unresolved	none
LeanPool/Incompleteness/Foundation/IntProp/Hilbert/Int.lean	169efc35e2dd48175e8eb780958c847fd78e6723ca3d08b03f29fa2e59761f86	169efc35e2dd48175e8eb780958c847fd78e6723ca3d08b03f29fa2e59761f86	c8ddda0a64f21cb019720cdda48c94354d4091e7	Apache-2.0	unresolved	none
LeanPool/Incompleteness/Foundation/IntProp/Hilbert/WellKnown.lean	5c24a724dcb9cd3cf935f6b679722737d84e856cec98aec4a540ff481cd4bcf4	5c24a724dcb9cd3cf935f6b679722737d84e856cec98aec4a540ff481cd4bcf4	c8ddda0a64f21cb019720cdda48c94354d4091e7	Apache-2.0	unresolved	none
LeanPool/Incompleteness/Foundation/IntProp/Kripke/Basic.lean	af072ac456f15362ece89aee34682165648cb41ec50169d70ab2f3ec7aed50ac	af072ac456f15362ece89aee34682165648cb41ec50169d70ab2f3ec7aed50ac	c8ddda0a64f21cb019720cdda48c94354d4091e7	Apache-2.0	unresolved	none
LeanPool/Incompleteness/Foundation/IntProp/Kripke/Hilbert/Cl/Basic.lean	8f2f538bccac340b0bc31623023da8de21931945faa96837b47808e3404fec92	8f2f538bccac340b0bc31623023da8de21931945faa96837b47808e3404fec92	c8ddda0a64f21cb019720cdda48c94354d4091e7	Apache-2.0	unresolved	none
LeanPool/Incompleteness/Foundation/IntProp/Kripke/Hilbert/Cl/Classical.lean	8ad072b463778f6483f1d386727a16f391e37775ae5ef365bb3a4a610d2a69d6	8ad072b463778f6483f1d386727a16f391e37775ae5ef365bb3a4a610d2a69d6	c8ddda0a64f21cb019720cdda48c94354d4091e7	Apache-2.0	unresolved	none
LeanPool/Incompleteness/Foundation/IntProp/Kripke/Hilbert/Soundness.lean	5abc7e2d45ccaef83923311e526ebeb0ade2bd9ab7f2c48e8ec80943174061a9	5abc7e2d45ccaef83923311e526ebeb0ade2bd9ab7f2c48e8ec80943174061a9	c8ddda0a64f21cb019720cdda48c94354d4091e7	Apache-2.0	unresolved	none
LeanPool/Incompleteness/Foundation/IntProp/Substitution.lean	3190d7ce7c268db477b4d8dbc5207ff72f4e98b11cfb4d0bfb23d8e2c7531534	3190d7ce7c268db477b4d8dbc5207ff72f4e98b11cfb4d0bfb23d8e2c7531534	c8ddda0a64f21cb019720cdda48c94354d4091e7	Apache-2.0	unresolved	none
LeanPool/Incompleteness/Foundation/Logic/Axioms.lean	839bf4d0d9182dff140a213a5d76bfa34bbecd023f68b1d012434aa7e35aa1ad	839bf4d0d9182dff140a213a5d76bfa34bbecd023f68b1d012434aa7e35aa1ad	c8ddda0a64f21cb019720cdda48c94354d4091e7	Apache-2.0	unresolved	none
LeanPool/Incompleteness/Foundation/Logic/Calculus.lean	4bdaeb17a54921285abe29e57e9c2db88a360cb6d6dc2185a12ead3151ad2287	4bdaeb17a54921285abe29e57e9c2db88a360cb6d6dc2185a12ead3151ad2287	c8ddda0a64f21cb019720cdda48c94354d4091e7	Apache-2.0	unresolved	none
LeanPool/Incompleteness/Foundation/Logic/Disjunctive.lean	8b852fe1894e8661fae1959d8379b1549d014dc852197133b8cc9126026f3a10	8b852fe1894e8661fae1959d8379b1549d014dc852197133b8cc9126026f3a10	c8ddda0a64f21cb019720cdda48c94354d4091e7	Apache-2.0	unresolved	none
LeanPool/Incompleteness/Foundation/Logic/Entailment.lean	845f39ba2bd3f0f9d75a94582b7359dbef46c2c661fff1244ae0c3b4dcddf9f3	845f39ba2bd3f0f9d75a94582b7359dbef46c2c661fff1244ae0c3b4dcddf9f3	c8ddda0a64f21cb019720cdda48c94354d4091e7	Apache-2.0	unresolved	none
LeanPool/Incompleteness/Foundation/Logic/HilbertStyle/Basic.lean	62f7e01092fe3245083dc4aa42f4e3a7d8c6f0a4ac6f4b73b82b341cabe10353	62f7e01092fe3245083dc4aa42f4e3a7d8c6f0a4ac6f4b73b82b341cabe10353	c8ddda0a64f21cb019720cdda48c94354d4091e7	Apache-2.0	unresolved	none
LeanPool/Incompleteness/Foundation/Logic/HilbertStyle/Context.lean	b004bb9d1d2a3b31d11ea6cdd52b4695d179796a7942ace182c5bb4da1f7ff61	b004bb9d1d2a3b31d11ea6cdd52b4695d179796a7942ace182c5bb4da1f7ff61	c8ddda0a64f21cb019720cdda48c94354d4091e7	Apache-2.0	unresolved	none
LeanPool/Incompleteness/Foundation/Logic/HilbertStyle/Lukasiewicz.lean	d35b186f2dd5eeb531f920e30536de78acef46c81d3f663d65dcfbae5144d766	d35b186f2dd5eeb531f920e30536de78acef46c81d3f663d65dcfbae5144d766	c8ddda0a64f21cb019720cdda48c94354d4091e7	Apache-2.0	unresolved	none
LeanPool/Incompleteness/Foundation/Logic/HilbertStyle/Supplemental.lean	db7c795e8fb51c11519192e5a6a031ab0f578e82f79e4ed7ab93e48ee8a73b7b	db7c795e8fb51c11519192e5a6a031ab0f578e82f79e4ed7ab93e48ee8a73b7b	c8ddda0a64f21cb019720cdda48c94354d4091e7	Apache-2.0	unresolved	none
LeanPool/Incompleteness/Foundation/Logic/LogicSymbol.lean	07aba1a173619ff3270bf9e120feb568d9a9d7b95b9d2ad7d7893073dc3331df	07aba1a173619ff3270bf9e120feb568d9a9d7b95b9d2ad7d7893073dc3331df	c8ddda0a64f21cb019720cdda48c94354d4091e7	Apache-2.0	unresolved	none
LeanPool/Incompleteness/Foundation/Logic/Predicate/Language.lean	5234c7d17e470b9fc545198cca8034bbe33a657b33e745290b70d3515a62efb3	5234c7d17e470b9fc545198cca8034bbe33a657b33e745290b70d3515a62efb3	c8ddda0a64f21cb019720cdda48c94354d4091e7	Apache-2.0	unresolved	none
LeanPool/Incompleteness/Foundation/Logic/Predicate/Quantifier.lean	c36a2366cc064d53102915fb4360d99d91a91fada19194d8ac9577b3c8c8e5a8	c36a2366cc064d53102915fb4360d99d91a91fada19194d8ac9577b3c8c8e5a8	c8ddda0a64f21cb019720cdda48c94354d4091e7	Apache-2.0	unresolved	none
LeanPool/Incompleteness/Foundation/Logic/Predicate/Rew.lean	9f09ba72386f9ba5b74cc6ab5a8e9d51e6b4f7a6fd57a94932a299cb418988c3	9f09ba72386f9ba5b74cc6ab5a8e9d51e6b4f7a6fd57a94932a299cb418988c3	c8ddda0a64f21cb019720cdda48c94354d4091e7	Apache-2.0	unresolved	none
LeanPool/Incompleteness/Foundation/Logic/Predicate/Term.lean	ff4e9e1a539194d7a8f956ca5c2392b0fce34f563c07ef7ae2d72d9601b4b764	ff4e9e1a539194d7a8f956ca5c2392b0fce34f563c07ef7ae2d72d9601b4b764	c8ddda0a64f21cb019720cdda48c94354d4091e7	Apache-2.0	unresolved	none
LeanPool/Incompleteness/Foundation/Logic/Semantics.lean	196337bc9fc9e9efacd8c0f105ab0090f9b98b61bd7f6c40bed1c4c5b2e87e79	196337bc9fc9e9efacd8c0f105ab0090f9b98b61bd7f6c40bed1c4c5b2e87e79	c8ddda0a64f21cb019720cdda48c94354d4091e7	Apache-2.0	unresolved	none
LeanPool/Incompleteness/Foundation/Modal/Axioms.lean	2640c63c6ea957d3d7f153100b93bc626dd4081a1a3b8b54b013ad4ace4fe60d	2640c63c6ea957d3d7f153100b93bc626dd4081a1a3b8b54b013ad4ace4fe60d	c8ddda0a64f21cb019720cdda48c94354d4091e7	Apache-2.0	unresolved	none
LeanPool/Incompleteness/Foundation/Modal/Complement.lean	634e81fc08a458566ecd5eaed742cfcc72d30f41d0b37e99fa8cedae11946445	634e81fc08a458566ecd5eaed742cfcc72d30f41d0b37e99fa8cedae11946445	c8ddda0a64f21cb019720cdda48c94354d4091e7	Apache-2.0	unresolved	none
LeanPool/Incompleteness/Foundation/Modal/ComplementClosedConsistentFinset.lean	6cd2f1959d6fb6b9e4e0886b4b0db03b17558810a50b12033df243ad89542e88	6cd2f1959d6fb6b9e4e0886b4b0db03b17558810a50b12033df243ad89542e88	c8ddda0a64f21cb019720cdda48c94354d4091e7	Apache-2.0	unresolved	none
LeanPool/Incompleteness/Foundation/Modal/Entailment/Basic.lean	2a91466cd9309f1dd8a76be0ab99a7455b24b4c46faf62642d6a3a90a23a37db	2a91466cd9309f1dd8a76be0ab99a7455b24b4c46faf62642d6a3a90a23a37db	c8ddda0a64f21cb019720cdda48c94354d4091e7	Apache-2.0	unresolved	none
LeanPool/Incompleteness/Foundation/Modal/Entailment/GL.lean	f717c0b2dfb98facae81bf6ecb5bcfcc8aaf89923fa55de5963fae8cbc2eb4e2	f717c0b2dfb98facae81bf6ecb5bcfcc8aaf89923fa55de5963fae8cbc2eb4e2	c8ddda0a64f21cb019720cdda48c94354d4091e7	Apache-2.0	unresolved	none
LeanPool/Incompleteness/Foundation/Modal/Entailment/Grz.lean	d20e7b3c794ebe942be5c69cce7cc7c85172d27990186cf1049f88fb26f79d83	d20e7b3c794ebe942be5c69cce7cc7c85172d27990186cf1049f88fb26f79d83	c8ddda0a64f21cb019720cdda48c94354d4091e7	Apache-2.0	unresolved	none
LeanPool/Incompleteness/Foundation/Modal/Entailment/K.lean	fd2a6b4884b6149c8899201da5dd12701ba09c3969d122e7bcf034a76276b628	fd2a6b4884b6149c8899201da5dd12701ba09c3969d122e7bcf034a76276b628	c8ddda0a64f21cb019720cdda48c94354d4091e7	Apache-2.0	unresolved	none
LeanPool/Incompleteness/Foundation/Modal/Entailment/K4.lean	bb6b41f346b2ccdf19885a446cfe3c61f426f097407c35758d609acfa1abf37f	bb6b41f346b2ccdf19885a446cfe3c61f426f097407c35758d609acfa1abf37f	c8ddda0a64f21cb019720cdda48c94354d4091e7	Apache-2.0	unresolved	none
LeanPool/Incompleteness/Foundation/Modal/Entailment/K5.lean	f0ac1bff1139d6ee902ce70e5cb947138b8d2ebdc92959c2f30d2ab3fef10185	f0ac1bff1139d6ee902ce70e5cb947138b8d2ebdc92959c2f30d2ab3fef10185	c8ddda0a64f21cb019720cdda48c94354d4091e7	Apache-2.0	unresolved	none
LeanPool/Incompleteness/Foundation/Modal/Entailment/KD.lean	1c9585e82e5a7700708a9c18c413387017524faed163ce14038fdde845926eef	1c9585e82e5a7700708a9c18c413387017524faed163ce14038fdde845926eef	c8ddda0a64f21cb019720cdda48c94354d4091e7	Apache-2.0	unresolved	none
LeanPool/Incompleteness/Foundation/Modal/Entailment/KP.lean	c07e94f59df5cd15d8e87a4f17904685dfc6ebe7644624092fdfbe6e5bc4e395	c07e94f59df5cd15d8e87a4f17904685dfc6ebe7644624092fdfbe6e5bc4e395	c8ddda0a64f21cb019720cdda48c94354d4091e7	Apache-2.0	unresolved	none
LeanPool/Incompleteness/Foundation/Modal/Entailment/KT.lean	143c23a85ccfc928871052425d47291da7c2abd9b50b9986a2c08e468a9ef962	143c23a85ccfc928871052425d47291da7c2abd9b50b9986a2c08e468a9ef962	c8ddda0a64f21cb019720cdda48c94354d4091e7	Apache-2.0	unresolved	none
LeanPool/Incompleteness/Foundation/Modal/Entailment/KTc.lean	ae331f447b1575ce87a7ba1652f75713a7d6d38c48ac53964f7d1da997e0ec62	ae331f447b1575ce87a7ba1652f75713a7d6d38c48ac53964f7d1da997e0ec62	c8ddda0a64f21cb019720cdda48c94354d4091e7	Apache-2.0	unresolved	none
LeanPool/Incompleteness/Foundation/Modal/Entailment/S5.lean	5c09dfa74fd3da8e4b2232b02e7cfe739f1f0840504df4b7913f16890a76fc3f	5c09dfa74fd3da8e4b2232b02e7cfe739f1f0840504df4b7913f16890a76fc3f	c8ddda0a64f21cb019720cdda48c94354d4091e7	Apache-2.0	unresolved	none
LeanPool/Incompleteness/Foundation/Modal/Entailment/Triv.lean	d71bac45837f9e343cd4512906c83f1da6fb2fba969f538b3068b783fa147448	d71bac45837f9e343cd4512906c83f1da6fb2fba969f538b3068b783fa147448	c8ddda0a64f21cb019720cdda48c94354d4091e7	Apache-2.0	unresolved	none
LeanPool/Incompleteness/Foundation/Modal/Formula.lean	67deb1438119dbe002134c25afac1f9603636dbc6bfc8020358c7c9abb41307a	67deb1438119dbe002134c25afac1f9603636dbc6bfc8020358c7c9abb41307a	c8ddda0a64f21cb019720cdda48c94354d4091e7	Apache-2.0	unresolved	none
LeanPool/Incompleteness/Foundation/Modal/Geachean.lean	2655d63e1b3fdfa2183d6635e28f93f0bf56d535da9d665187c0aa476a3384db	2655d63e1b3fdfa2183d6635e28f93f0bf56d535da9d665187c0aa476a3384db	c8ddda0a64f21cb019720cdda48c94354d4091e7	Apache-2.0	unresolved	none
LeanPool/Incompleteness/Foundation/Modal/Hilbert/Basic.lean	65645c667ed519d22abdb2c777d11432f52eedf454fb236c31615853443a3965	65645c667ed519d22abdb2c777d11432f52eedf454fb236c31615853443a3965	c8ddda0a64f21cb019720cdda48c94354d4091e7	Apache-2.0	unresolved	none
LeanPool/Incompleteness/Foundation/Modal/Hilbert/Geach.lean	cb6679073f24332ee6ee677f5ef3935c68db74ec1f21425f7e2bc12e7b1ca140	cb6679073f24332ee6ee677f5ef3935c68db74ec1f21425f7e2bc12e7b1ca140	c8ddda0a64f21cb019720cdda48c94354d4091e7	Apache-2.0	unresolved	none
LeanPool/Incompleteness/Foundation/Modal/Hilbert/K.lean	01422ac85683084f8dc04a267466469ccd73f5be3145161b9aca9580a82f27e2	01422ac85683084f8dc04a267466469ccd73f5be3145161b9aca9580a82f27e2	c8ddda0a64f21cb019720cdda48c94354d4091e7	Apache-2.0	unresolved	none
LeanPool/Incompleteness/Foundation/Modal/Hilbert/Maximal/Basic.lean	1ddc60cbcf38a5a0c7983b3bf550bddbdf087b81c3ad05c1fe29bb6891aadc38	1ddc60cbcf38a5a0c7983b3bf550bddbdf087b81c3ad05c1fe29bb6891aadc38	c8ddda0a64f21cb019720cdda48c94354d4091e7	Apache-2.0	unresolved	none
LeanPool/Incompleteness/Foundation/Modal/Hilbert/Maximal/Unprovability.lean	f75f0781d48106a1f9f418aa356b5b44b1fdce79743753601173f885f85f8810	f75f0781d48106a1f9f418aa356b5b44b1fdce79743753601173f885f85f8810	c8ddda0a64f21cb019720cdda48c94354d4091e7	Apache-2.0	unresolved	none
LeanPool/Incompleteness/Foundation/Modal/Hilbert/S5Grz.lean	6e1c81bf753f44e547af39a2adf73186749788197a844a4d56124e9cb31189a1	6e1c81bf753f44e547af39a2adf73186749788197a844a4d56124e9cb31189a1	c8ddda0a64f21cb019720cdda48c94354d4091e7	Apache-2.0	unresolved	none
LeanPool/Incompleteness/Foundation/Modal/Hilbert/WellKnown.lean	884b55ac0d9ef9605a32ed13c88aee5842126796caa0eff147a3054ad9bd0cda	884b55ac0d9ef9605a32ed13c88aee5842126796caa0eff147a3054ad9bd0cda	c8ddda0a64f21cb019720cdda48c94354d4091e7	Apache-2.0	unresolved	none
LeanPool/Incompleteness/Foundation/Modal/IntProp.lean	df89bfe3459a41e5bbe9793b70614ee4c4ddcc32ae50a60df9317fa674962be1	df89bfe3459a41e5bbe9793b70614ee4c4ddcc32ae50a60df9317fa674962be1	c8ddda0a64f21cb019720cdda48c94354d4091e7	Apache-2.0	unresolved	none
LeanPool/Incompleteness/Foundation/Modal/Kripke/AxiomDot3.lean	6caf69f42cfde4c30e210df557625fd628ddd07b02a2835ed78e93ebda106d6b	6caf69f42cfde4c30e210df557625fd628ddd07b02a2835ed78e93ebda106d6b	c8ddda0a64f21cb019720cdda48c94354d4091e7	Apache-2.0	unresolved	none
LeanPool/Incompleteness/Foundation/Modal/Kripke/AxiomGrz.lean	9033edf4d8d271e900c5395156b62fe58b0cff9db6e4766111f7270e89cec121	9033edf4d8d271e900c5395156b62fe58b0cff9db6e4766111f7270e89cec121	c8ddda0a64f21cb019720cdda48c94354d4091e7	Apache-2.0	unresolved	none
LeanPool/Incompleteness/Foundation/Modal/Kripke/AxiomL.lean	9cb13b0a2c3eecf5a3658020cb3d65f5027555ebdc3afdb4009b45bc64829b3a	9cb13b0a2c3eecf5a3658020cb3d65f5027555ebdc3afdb4009b45bc64829b3a	c8ddda0a64f21cb019720cdda48c94354d4091e7	Apache-2.0	unresolved	none
LeanPool/Incompleteness/Foundation/Modal/Kripke/AxiomVer.lean	71a4a5b931f6ecd63dcd27094a6589f7600a10acb6d937d4ac5c0ebc230dff4e	71a4a5b931f6ecd63dcd27094a6589f7600a10acb6d937d4ac5c0ebc230dff4e	c8ddda0a64f21cb019720cdda48c94354d4091e7	Apache-2.0	unresolved	none
LeanPool/Incompleteness/Foundation/Modal/Kripke/Basic.lean	c0177089b4932b5f72de71f811cf638baa81d7ea7b832b804f5fde28b7a0c04a	c0177089b4932b5f72de71f811cf638baa81d7ea7b832b804f5fde28b7a0c04a	c8ddda0a64f21cb019720cdda48c94354d4091e7	Apache-2.0	unresolved	none
LeanPool/Incompleteness/Foundation/Modal/Kripke/Closure.lean	9b5f306b079da386196039cbfed5484bf392e0c2b8ac7a78b3ca40f5b0cd5024	9b5f306b079da386196039cbfed5484bf392e0c2b8ac7a78b3ca40f5b0cd5024	c8ddda0a64f21cb019720cdda48c94354d4091e7	Apache-2.0	unresolved	none
LeanPool/Incompleteness/Foundation/Modal/Kripke/Completeness.lean	fa5fbb0b92dfcaad5bf6758c30c0d28cafbcf985d551008f5bc061159987a692	fa5fbb0b92dfcaad5bf6758c30c0d28cafbcf985d551008f5bc061159987a692	c8ddda0a64f21cb019720cdda48c94354d4091e7	Apache-2.0	unresolved	none
LeanPool/Incompleteness/Foundation/Modal/Kripke/Filteration.lean	4ed3f720febb90e3491dea8240500dc40471b6c22472d8874c20f6754c3608e5	4ed3f720febb90e3491dea8240500dc40471b6c22472d8874c20f6754c3608e5	c8ddda0a64f21cb019720cdda48c94354d4091e7	Apache-2.0	unresolved	none
LeanPool/Incompleteness/Foundation/Modal/Kripke/FiniteFrame.lean	701cce6df703962a8ddf9536b14dc66fdc4e60ea3f5502092734fee27092930b	701cce6df703962a8ddf9536b14dc66fdc4e60ea3f5502092734fee27092930b	c8ddda0a64f21cb019720cdda48c94354d4091e7	Apache-2.0	unresolved	none
LeanPool/Incompleteness/Foundation/Modal/Kripke/Hilbert/GL/Completeness.lean	00f2f88c979d5f6aa52283c96244344a88cdd470cff30f233a03545d606386bd	00f2f88c979d5f6aa52283c96244344a88cdd470cff30f233a03545d606386bd	c8ddda0a64f21cb019720cdda48c94354d4091e7	Apache-2.0	unresolved	none
LeanPool/Incompleteness/Foundation/Modal/Kripke/Hilbert/GL/MDP.lean	29c4a01c05c2715075e7e4b1f055456ed247629d89405820912d11bd1c8f6968	29c4a01c05c2715075e7e4b1f055456ed247629d89405820912d11bd1c8f6968	c8ddda0a64f21cb019720cdda48c94354d4091e7	Apache-2.0	unresolved	none
LeanPool/Incompleteness/Foundation/Modal/Kripke/Hilbert/GL/Soundness.lean	20d5ebe34e13d6c0e2c835a742e04f96642b609435c744b834b35490e9a7e088	20d5ebe34e13d6c0e2c835a742e04f96642b609435c744b834b35490e9a7e088	c8ddda0a64f21cb019720cdda48c94354d4091e7	Apache-2.0	unresolved	none
LeanPool/Incompleteness/Foundation/Modal/Kripke/Hilbert/GL/Tree.lean	edf3edc0b26a48f010351e0f7b8fb079d34555c6a1ae3faa31c059583322feef	edf3edc0b26a48f010351e0f7b8fb079d34555c6a1ae3faa31c059583322feef	c8ddda0a64f21cb019720cdda48c94354d4091e7	Apache-2.0	unresolved	none
LeanPool/Incompleteness/Foundation/Modal/Kripke/Hilbert/GL/Unnecessitation.lean	93a5e1fb63466262a89a53654f6ab349dae8cf1154f7375fcdd938a15a6ccb90	93a5e1fb63466262a89a53654f6ab349dae8cf1154f7375fcdd938a15a6ccb90	c8ddda0a64f21cb019720cdda48c94354d4091e7	Apache-2.0	unresolved	none
LeanPool/Incompleteness/Foundation/Modal/Kripke/Hilbert/Geach.lean	de00235f90845b119c876d111b8cc77510e8171e3cc988b8a885db197cc36621	de00235f90845b119c876d111b8cc77510e8171e3cc988b8a885db197cc36621	c8ddda0a64f21cb019720cdda48c94354d4091e7	Apache-2.0	unresolved	none
LeanPool/Incompleteness/Foundation/Modal/Kripke/Hilbert/Grz/Completeness.lean	00be2d94725dd955a165a19b9e588ded49d45534cdd53797f2208eb9e16b9a35	00be2d94725dd955a165a19b9e588ded49d45534cdd53797f2208eb9e16b9a35	c8ddda0a64f21cb019720cdda48c94354d4091e7	Apache-2.0	unresolved	none
LeanPool/Incompleteness/Foundation/Modal/Kripke/Hilbert/Grz/Soundness.lean	0e6cbefbbedb756abe22663cfc94ce1d0248501ce0131e4f90dc2bbb67f0a45d	0e6cbefbbedb756abe22663cfc94ce1d0248501ce0131e4f90dc2bbb67f0a45d	c8ddda0a64f21cb019720cdda48c94354d4091e7	Apache-2.0	unresolved	none
LeanPool/Incompleteness/Foundation/Modal/Kripke/Hilbert/K.lean	f66f8f4aa03a9091aaf88a5aa713be6a809b0820385deadcf309e2c9661efbee	f66f8f4aa03a9091aaf88a5aa713be6a809b0820385deadcf309e2c9661efbee	c8ddda0a64f21cb019720cdda48c94354d4091e7	Apache-2.0	unresolved	none
LeanPool/Incompleteness/Foundation/Modal/Kripke/Hilbert/K4.lean	0bbaa2e836a334c4dc09d9ce4597beffe417ababc76dc1ee891bdc9d7d899d52	0bbaa2e836a334c4dc09d9ce4597beffe417ababc76dc1ee891bdc9d7d899d52	c8ddda0a64f21cb019720cdda48c94354d4091e7	Apache-2.0	unresolved	none
LeanPool/Incompleteness/Foundation/Modal/Kripke/Hilbert/K45.lean	66fd40abc8d910b250d8308ea07fadcc3d09589a42e97ac2ec75b39f7666c6f1	66fd40abc8d910b250d8308ea07fadcc3d09589a42e97ac2ec75b39f7666c6f1	c8ddda0a64f21cb019720cdda48c94354d4091e7	Apache-2.0	unresolved	none
LeanPool/Incompleteness/Foundation/Modal/Kripke/Hilbert/K5.lean	e7b8d109a84119e611baeb364d023148914e32590869f3b9d71589a34148e428	e7b8d109a84119e611baeb364d023148914e32590869f3b9d71589a34148e428	c8ddda0a64f21cb019720cdda48c94354d4091e7	Apache-2.0	unresolved	none
LeanPool/Incompleteness/Foundation/Modal/Kripke/Hilbert/KB.lean	53c5f8949eb7328c5184744380868e1c39d3a9a8b1e26e3c7aa96c11ed0cd366	53c5f8949eb7328c5184744380868e1c39d3a9a8b1e26e3c7aa96c11ed0cd366	c8ddda0a64f21cb019720cdda48c94354d4091e7	Apache-2.0	unresolved	none
LeanPool/Incompleteness/Foundation/Modal/Kripke/Hilbert/KB4.lean	b931bbf86297edd82dfae8fda58aa6edd3ee8bb4d3927c6f84d0e62c6b6ab52b	b931bbf86297edd82dfae8fda58aa6edd3ee8bb4d3927c6f84d0e62c6b6ab52b	c8ddda0a64f21cb019720cdda48c94354d4091e7	Apache-2.0	unresolved	none
LeanPool/Incompleteness/Foundation/Modal/Kripke/Hilbert/KB5.lean	8b6afbf2d3a83b4690da849dc8b6bc6acbd4e3f8fdc31d70f9174f6bf19f94d0	8b6afbf2d3a83b4690da849dc8b6bc6acbd4e3f8fdc31d70f9174f6bf19f94d0	c8ddda0a64f21cb019720cdda48c94354d4091e7	Apache-2.0	unresolved	none
LeanPool/Incompleteness/Foundation/Modal/Kripke/Hilbert/KD.lean	1d8c5a1a2b0c32b53e0316519b6bc2e368ab4d96bc6bc0eed0e00487df5df972	1d8c5a1a2b0c32b53e0316519b6bc2e368ab4d96bc6bc0eed0e00487df5df972	c8ddda0a64f21cb019720cdda48c94354d4091e7	Apache-2.0	unresolved	none
LeanPool/Incompleteness/Foundation/Modal/Kripke/Hilbert/KD4.lean	38aecfbc4db19da7ed71c77faf88aa9f437d25b73b270b8dc226245c044c4959	38aecfbc4db19da7ed71c77faf88aa9f437d25b73b270b8dc226245c044c4959	c8ddda0a64f21cb019720cdda48c94354d4091e7	Apache-2.0	unresolved	none
LeanPool/Incompleteness/Foundation/Modal/Kripke/Hilbert/KD45.lean	cf5fb50797862ebefd907008546523c1aaf8f7545c9e0e3268e51ced7738272e	cf5fb50797862ebefd907008546523c1aaf8f7545c9e0e3268e51ced7738272e	c8ddda0a64f21cb019720cdda48c94354d4091e7	Apache-2.0	unresolved	none
LeanPool/Incompleteness/Foundation/Modal/Kripke/Hilbert/KD5.lean	1eeb125d48a818f672e42d2db3ef22bb504e4bf77de3807b909000092287c31c	1eeb125d48a818f672e42d2db3ef22bb504e4bf77de3807b909000092287c31c	c8ddda0a64f21cb019720cdda48c94354d4091e7	Apache-2.0	unresolved	none
LeanPool/Incompleteness/Foundation/Modal/Kripke/Hilbert/KDB.lean	c1f1ed367b32cb6aae03d7d2667aa097fb623343e162dd7bb5a17d1f93b40a94	c1f1ed367b32cb6aae03d7d2667aa097fb623343e162dd7bb5a17d1f93b40a94	c8ddda0a64f21cb019720cdda48c94354d4091e7	Apache-2.0	unresolved	none
LeanPool/Incompleteness/Foundation/Modal/Kripke/Hilbert/KT.lean	5618ac009baeb51bb0b57cb8e46619275322f379bbc12f856fc33d136f57e483	5618ac009baeb51bb0b57cb8e46619275322f379bbc12f856fc33d136f57e483	c8ddda0a64f21cb019720cdda48c94354d4091e7	Apache-2.0	unresolved	none
LeanPool/Incompleteness/Foundation/Modal/Kripke/Hilbert/KT4B.lean	d2e5f71ab6258eb6c30bcb9aa2fcac7255c40bf80b0dcacef3b216b8e3a67f49	d2e5f71ab6258eb6c30bcb9aa2fcac7255c40bf80b0dcacef3b216b8e3a67f49	c8ddda0a64f21cb019720cdda48c94354d4091e7	Apache-2.0	unresolved	none
LeanPool/Incompleteness/Foundation/Modal/Kripke/Hilbert/KTB.lean	6a7f76cb0778f2692773d73812916f50bce82c91b46ddd215ef008342ac233fd	6a7f76cb0778f2692773d73812916f50bce82c91b46ddd215ef008342ac233fd	c8ddda0a64f21cb019720cdda48c94354d4091e7	Apache-2.0	unresolved	none
LeanPool/Incompleteness/Foundation/Modal/Kripke/Hilbert/S4.lean	1dc70d12b2904421407ee38c7973aebb641721e2889f95be354db3558a71ad72	1dc70d12b2904421407ee38c7973aebb641721e2889f95be354db3558a71ad72	c8ddda0a64f21cb019720cdda48c94354d4091e7	Apache-2.0	unresolved	none
LeanPool/Incompleteness/Foundation/Modal/Kripke/Hilbert/S4Dot2.lean	55116a4a57224d48bc6fd894d93f699928cd5bccb703bbf0fd61109cfe835e9c	55116a4a57224d48bc6fd894d93f699928cd5bccb703bbf0fd61109cfe835e9c	c8ddda0a64f21cb019720cdda48c94354d4091e7	Apache-2.0	unresolved	none
LeanPool/Incompleteness/Foundation/Modal/Kripke/Hilbert/S4Dot3.lean	9342f7b7fb5ebb7134b1d22cb04b09099bdbaf257e040234073a6f49be0144f6	9342f7b7fb5ebb7134b1d22cb04b09099bdbaf257e040234073a6f49be0144f6	c8ddda0a64f21cb019720cdda48c94354d4091e7	Apache-2.0	unresolved	none
LeanPool/Incompleteness/Foundation/Modal/Kripke/Hilbert/S5.lean	1374853249f9dd9df743bef4c20893b9558e0cf19e1067e240eea00c5fa0d845	1374853249f9dd9df743bef4c20893b9558e0cf19e1067e240eea00c5fa0d845	c8ddda0a64f21cb019720cdda48c94354d4091e7	Apache-2.0	unresolved	none
LeanPool/Incompleteness/Foundation/Modal/Kripke/Hilbert/Soundness.lean	24469506fea064ad0e6eb6f0fab0eff51d4f8aa568780c22f8327775eec85915	24469506fea064ad0e6eb6f0fab0eff51d4f8aa568780c22f8327775eec85915	c8ddda0a64f21cb019720cdda48c94354d4091e7	Apache-2.0	unresolved	none
LeanPool/Incompleteness/Foundation/Modal/Kripke/Hilbert/Triv.lean	2a7996c4dfea712c2a46b95b051821c21289a25759cd186637eca5764a23b014	2a7996c4dfea712c2a46b95b051821c21289a25759cd186637eca5764a23b014	c8ddda0a64f21cb019720cdda48c94354d4091e7	Apache-2.0	unresolved	none
LeanPool/Incompleteness/Foundation/Modal/Kripke/Hilbert/Ver.lean	9c88637e12bef58ccf6be514858773ffad4de0165eb31de4ae385723d5657c48	9c88637e12bef58ccf6be514858773ffad4de0165eb31de4ae385723d5657c48	c8ddda0a64f21cb019720cdda48c94354d4091e7	Apache-2.0	unresolved	none
LeanPool/Incompleteness/Foundation/Modal/Kripke/KHIncompleteness.lean	f2ca6c0b145cd72f9b3dde586a2c85c5bf115664bbf78591fec067ec768418f9	f2ca6c0b145cd72f9b3dde586a2c85c5bf115664bbf78591fec067ec768418f9	c8ddda0a64f21cb019720cdda48c94354d4091e7	Apache-2.0	unresolved	none
LeanPool/Incompleteness/Foundation/Modal/Kripke/Preservation.lean	f88c06dd5dabf8bc082acb732ecf3da7ce9959f64653b9313380fb258c16959e	f88c06dd5dabf8bc082acb732ecf3da7ce9959f64653b9313380fb258c16959e	c8ddda0a64f21cb019720cdda48c94354d4091e7	Apache-2.0	unresolved	none
LeanPool/Incompleteness/Foundation/Modal/Kripke/SimpleExtension.lean	c9be957d643828971db3d467f2b8f2559f750b88562261e4368d2281f735b39b	bbf3d1aaec6ffceef3c70be496a8801969929427ca3dbb9a62bc927549156fdc	c8ddda0a64f21cb019720cdda48c94354d4091e7	Apache-2.0	unresolved	Mathlib path compatibility port; deprecation cleanup
LeanPool/Incompleteness/Foundation/Modal/Kripke/Tree.lean	c98b7e1745b7793b39f5c4326ed92d74d1dc8f0aa7c0bb00a6e87888048796e3	c98b7e1745b7793b39f5c4326ed92d74d1dc8f0aa7c0bb00a6e87888048796e3	c8ddda0a64f21cb019720cdda48c94354d4091e7	Apache-2.0	unresolved	none
LeanPool/Incompleteness/Foundation/Modal/Logic/Basic.lean	9d352e48b76bfd9793ae30677234ce7d58f07747297d1499bfbbbd831acef55a	9d352e48b76bfd9793ae30677234ce7d58f07747297d1499bfbbbd831acef55a	c8ddda0a64f21cb019720cdda48c94354d4091e7	Apache-2.0	unresolved	none
LeanPool/Incompleteness/Foundation/Modal/Logic/WellKnown.lean	bd9f3672ce0e92fc175c4087bfcf31906f57c09e68553c25b4d03da4d30a2038	bd9f3672ce0e92fc175c4087bfcf31906f57c09e68553c25b4d03da4d30a2038	c8ddda0a64f21cb019720cdda48c94354d4091e7	Apache-2.0	unresolved	none
LeanPool/Incompleteness/Foundation/Modal/LogicSymbol.lean	cb457a76b42550e5fb9edae61131f55627b7061356086a6ce69113e1080d3ce0	cb457a76b42550e5fb9edae61131f55627b7061356086a6ce69113e1080d3ce0	c8ddda0a64f21cb019720cdda48c94354d4091e7	Apache-2.0	unresolved	none
LeanPool/Incompleteness/Foundation/Modal/MaximalConsistentSet.lean	ced4d632d41d6b0e4ed538ffdda0116b34df3ac7effe40783ce3a58de2fbca03	ced4d632d41d6b0e4ed538ffdda0116b34df3ac7effe40783ce3a58de2fbca03	c8ddda0a64f21cb019720cdda48c94354d4091e7	Apache-2.0	unresolved	none
LeanPool/Incompleteness/Foundation/Modal/Subformulas.lean	05400c322bf22d67d8f91b114e8c141f47bbff9bb0bd6367895cf3b7f318af34	05400c322bf22d67d8f91b114e8c141f47bbff9bb0bd6367895cf3b7f318af34	c8ddda0a64f21cb019720cdda48c94354d4091e7	Apache-2.0	unresolved	none
LeanPool/Incompleteness/Foundation/Modal/Substitution.lean	d682df0cc9312e4d55ada5a407574af8effde02fd966beb4d0384aa7d5ad1d3b	d682df0cc9312e4d55ada5a407574af8effde02fd966beb4d0384aa7d5ad1d3b	c8ddda0a64f21cb019720cdda48c94354d4091e7	Apache-2.0	unresolved	none
LeanPool/Incompleteness/Foundation/Vorspiel/Arith.lean	0a6cd88462b02354cb2af7e0f0dbfdaf1beb7c549d0d6d5e4bc1ce3bd528ebd8	0a6cd88462b02354cb2af7e0f0dbfdaf1beb7c549d0d6d5e4bc1ce3bd528ebd8	c8ddda0a64f21cb019720cdda48c94354d4091e7	Apache-2.0	unresolved	none
LeanPool/Incompleteness/Foundation/Vorspiel/BinaryRelations.lean	93c6fb24ae51de5bcf1c2904f6d933ae631ea033b9b388b5060d2d24e73b09db	93c6fb24ae51de5bcf1c2904f6d933ae631ea033b9b388b5060d2d24e73b09db	c8ddda0a64f21cb019720cdda48c94354d4091e7	Apache-2.0	unresolved	none
LeanPool/Incompleteness/Foundation/Vorspiel/Chain.lean	610e2db2649239451afc2a43b2ee2307cc461322902efc2f7977d8c24f7482ce	610e2db2649239451afc2a43b2ee2307cc461322902efc2f7977d8c24f7482ce	c8ddda0a64f21cb019720cdda48c94354d4091e7	Apache-2.0	unresolved	none
LeanPool/Incompleteness/Foundation/Vorspiel/Collection.lean	bdb88e220217be045137688333b518dc877ee4aeb04e96dda7069439d591f1e9	bdb88e220217be045137688333b518dc877ee4aeb04e96dda7069439d591f1e9	c8ddda0a64f21cb019720cdda48c94354d4091e7	Apache-2.0	unresolved	none
LeanPool/Incompleteness/Foundation/Vorspiel/ExistsUnique.lean	105fe2c4aed7968faeabae51359c8bcd0d554e808534d89d5400dae8aff5e0ce	105fe2c4aed7968faeabae51359c8bcd0d554e808534d89d5400dae8aff5e0ce	c8ddda0a64f21cb019720cdda48c94354d4091e7	Apache-2.0	unresolved	none
LeanPool/Incompleteness/Foundation/Vorspiel/NotationClass.lean	19ee149cd3ea8dd2587ba994f111fa7126d47a8dad5db4de733a38798e877ed3	19ee149cd3ea8dd2587ba994f111fa7126d47a8dad5db4de733a38798e877ed3	c8ddda0a64f21cb019720cdda48c94354d4091e7	Apache-2.0	unresolved	none
LeanPool/Incompleteness/Foundation/Vorspiel/Order.lean	f954f5d45f2651491af0d0245ec1703c056a5eaaf660c01e9c739fc042fc5f7d	f954f5d45f2651491af0d0245ec1703c056a5eaaf660c01e9c739fc042fc5f7d	c8ddda0a64f21cb019720cdda48c94354d4091e7	Apache-2.0	unresolved	none
LeanPool/Incompleteness/Foundation/Vorspiel/RelItr.lean	bb4311a91d2e83d599cf92a0c6152446519ece13af0bdf37f5a02a72ca70135f	bb4311a91d2e83d599cf92a0c6152446519ece13af0bdf37f5a02a72ca70135f	c8ddda0a64f21cb019720cdda48c94354d4091e7	Apache-2.0	unresolved	none
LeanPool/Incompleteness/Foundation/Vorspiel/Vorspiel.lean	5466116648d7338888802e1f0e5f7db9557aee3f23d76e0d05fea9406a751741	5466116648d7338888802e1f0e5f7db9557aee3f23d76e0d05fea9406a751741	c8ddda0a64f21cb019720cdda48c94354d4091e7	Apache-2.0	unresolved	none
LeanPool/Incompleteness/ProvabilityLogic/Basic.lean	f57466b62878ae31bb7859ec47ca85fff3f810239209ce26e372bd327e1303b9	f57466b62878ae31bb7859ec47ca85fff3f810239209ce26e372bd327e1303b9	c8ddda0a64f21cb019720cdda48c94354d4091e7	Apache-2.0	unresolved	none
LeanPool/Incompleteness/ToFoundation/Basic.lean	738e269f2e3a6fadec711aee0ff253a628fccfdf18509572ab35d7fbe8e1f6d2	738e269f2e3a6fadec711aee0ff253a628fccfdf18509572ab35d7fbe8e1f6d2	c8ddda0a64f21cb019720cdda48c94354d4091e7	Apache-2.0	unresolved	none
LeanPool/FoZfc.lean	de169aa8cd15eaf779b15e50f29578d6e4691c8af8fc1ef465ca00cebbb9929a	de169aa8cd15eaf779b15e50f29578d6e4691c8af8fc1ef465ca00cebbb9929a	c8ddda0a64f21cb019720cdda48c94354d4091e7	Apache-2.0	unresolved	none
LeanPool/FoZfc/Axioms.lean	2cf34cfe4300d5d561a11f3b582d88f54bcafbf0ecf35cfeadac2c82c2a4fb52	2cf34cfe4300d5d561a11f3b582d88f54bcafbf0ecf35cfeadac2c82c2a4fb52	c8ddda0a64f21cb019720cdda48c94354d4091e7	Apache-2.0	unresolved	none
LeanPool/FoZfc/Basic.lean	09842b54f5afae26ed5bc85f2c4142828d14057e0abd6caf3d84ab4d7d1e8066	09842b54f5afae26ed5bc85f2c4142828d14057e0abd6caf3d84ab4d7d1e8066	c8ddda0a64f21cb019720cdda48c94354d4091e7	Apache-2.0	unresolved	none
LeanPool/FoZfc/BoundedFormulaOps.lean	ea4a974b5c1d1bd1f5ff57f2e3d34e654069baf78a6d16b38e487be5c1b5242f	ea4a974b5c1d1bd1f5ff57f2e3d34e654069baf78a6d16b38e487be5c1b5242f	c8ddda0a64f21cb019720cdda48c94354d4091e7	Apache-2.0	unresolved	none
LeanPool/FoZfc/FixedSnoc.lean	cf138042f6cde2f78016e0d6487e6fcdeb437b3fa99fc47dbac131b692f00b9b	cf138042f6cde2f78016e0d6487e6fcdeb437b3fa99fc47dbac131b692f00b9b	c8ddda0a64f21cb019720cdda48c94354d4091e7	Apache-2.0	unresolved	none
LeanPool/FoZfc/Replacement.lean	735a78e3aee192aa05cfada9767cfc2e7d0f7bade34791c027e4267e5bab38ec	735a78e3aee192aa05cfada9767cfc2e7d0f7bade34791c027e4267e5bab38ec	c8ddda0a64f21cb019720cdda48c94354d4091e7	Apache-2.0	unresolved	none
LeanPool/FoZfc/Tostring.lean	259d006c7aa90e063a3bf6f82b31493f28b49ccefcb2226a0cf070e219b39ed6	259d006c7aa90e063a3bf6f82b31493f28b49ccefcb2226a0cf070e219b39ed6	c8ddda0a64f21cb019720cdda48c94354d4091e7	Apache-2.0	unresolved	none
LeanPool/ZFLean.lean	29045a31b8d87b5ab9f20ad2b0d6f2135c773973e0e9f25476975823e34586e7	29045a31b8d87b5ab9f20ad2b0d6f2135c773973e0e9f25476975823e34586e7	c8ddda0a64f21cb019720cdda48c94354d4091e7	Apache-2.0	unresolved	none
LeanPool/ZFLean/Basic.lean	4905e006ef48fefe03e29546c788ae52fc3e6d48d3be76a12863106ad3f56154	4905e006ef48fefe03e29546c788ae52fc3e6d48d3be76a12863106ad3f56154	c8ddda0a64f21cb019720cdda48c94354d4091e7	Apache-2.0	unresolved	none
LeanPool/ZFLean/Booleans.lean	4064c600abfd0d7a4554c3ad064da2a2329c6cd7ec8b1ae405d6e0df28c796fb	4064c600abfd0d7a4554c3ad064da2a2329c6cd7ec8b1ae405d6e0df28c796fb	c8ddda0a64f21cb019720cdda48c94354d4091e7	Apache-2.0	unresolved	none
LeanPool/ZFLean/Embeddings.lean	467069a6b5a1b72e67c952976844e413de99696c6155e1c09e01d955a9e4e538	467069a6b5a1b72e67c952976844e413de99696c6155e1c09e01d955a9e4e538	c8ddda0a64f21cb019720cdda48c94354d4091e7	Apache-2.0	unresolved	none
LeanPool/ZFLean/Functions.lean	2f2458730a0253d02a654a2a9b07e4a69e18cc71be914a6462472af4c41c23c2	2f2458730a0253d02a654a2a9b07e4a69e18cc71be914a6462472af4c41c23c2	c8ddda0a64f21cb019720cdda48c94354d4091e7	Apache-2.0	unresolved	none
LeanPool/ZFLean/Integers.lean	b8cfb29827af76ddb9aed4682badbd003ebca990c15b78882fc6dc19c9544ae5	b8cfb29827af76ddb9aed4682badbd003ebca990c15b78882fc6dc19c9544ae5	c8ddda0a64f21cb019720cdda48c94354d4091e7	Apache-2.0	unresolved	none
LeanPool/ZFLean/Isomorphisms.lean	03850137fae9417750ce108500f23e4dbd6221628563170777d5a22b6622bb3e	03850137fae9417750ce108500f23e4dbd6221628563170777d5a22b6622bb3e	c8ddda0a64f21cb019720cdda48c94354d4091e7	Apache-2.0	unresolved	none
LeanPool/ZFLean/IsomorphismsFunsToPowRel.lean	55f90acd9ca1acbd5ba3c0cba24e6797a133f45a656fb7721cde37f75d74d341	55f90acd9ca1acbd5ba3c0cba24e6797a133f45a656fb7721cde37f75d74d341	c8ddda0a64f21cb019720cdda48c94354d4091e7	Apache-2.0	unresolved	none
LeanPool/ZFLean/IsomorphismsZFNatIso.lean	94585703479509c1865087b9ff1fc747681fb1eefdff7ceb0ea6e71716711a6d	94585703479509c1865087b9ff1fc747681fb1eefdff7ceb0ea6e71716711a6d	c8ddda0a64f21cb019720cdda48c94354d4091e7	Apache-2.0	unresolved	none
LeanPool/ZFLean/Naturals.lean	7ed0c6f7da31b20d89932dc7e377ae375be4d15c918d398b70e413cc0c544f37	7ed0c6f7da31b20d89932dc7e377ae375be4d15c918d398b70e413cc0c544f37	c8ddda0a64f21cb019720cdda48c94354d4091e7	Apache-2.0	unresolved	none
LeanPool/ZFLean/Rationals.lean	ad9f5b0bb442f0571d41d1244bd6e63d434e01e442492ed0ec1eb2676e3d2e2b	ad9f5b0bb442f0571d41d1244bd6e63d434e01e442492ed0ec1eb2676e3d2e2b	c8ddda0a64f21cb019720cdda48c94354d4091e7	Apache-2.0	unresolved	none
LeanPool/ZFLean/Sum.lean	f0c029c8795607bfd8dc6b891e3dc5e34bd3dacdb52e1e9ae2179b7a749907d9	f0c029c8795607bfd8dc6b891e3dc5e34bd3dacdb52e1e9ae2179b7a749907d9	c8ddda0a64f21cb019720cdda48c94354d4091e7	Apache-2.0	unresolved	none
LeanPool/ZFLean/Tactics.lean	d6df7b7a387ed55957b4f3994fcde9bbf5dd65698aa0e662b372a94e980754f6	d6df7b7a387ed55957b4f3994fcde9bbf5dd65698aa0e662b372a94e980754f6	c8ddda0a64f21cb019720cdda48c94354d4091e7	Apache-2.0	unresolved	none
LeanPool/FormalizationOfBoundedArithmetic.lean	7dc06a8c32d432afad222206d514e59dd8a781a8c383387881fa543a4854ba3f	7dc06a8c32d432afad222206d514e59dd8a781a8c383387881fa543a4854ba3f	c8ddda0a64f21cb019720cdda48c94354d4091e7	MIT	unresolved	none
LeanPool/FormalizationOfBoundedArithmetic/Algebra.lean	b69017835ed553f306bf9a8d98969e9f16e38c654cf51b765c5ef307b06f77b2	b69017835ed553f306bf9a8d98969e9f16e38c654cf51b765c5ef307b06f77b2	c8ddda0a64f21cb019720cdda48c94354d4091e7	MIT	unresolved	none
LeanPool/FormalizationOfBoundedArithmetic/AxiomSchemes.lean	8dd43793a8d7cb95ac5f7155518d0b8c40309dac7c1616f0ec3db374011cb522	8dd43793a8d7cb95ac5f7155518d0b8c40309dac7c1616f0ec3db374011cb522	c8ddda0a64f21cb019720cdda48c94354d4091e7	MIT	unresolved	none
LeanPool/FormalizationOfBoundedArithmetic/BasicSingleSorted.lean	002271ea62c9f34d04260e2fffcfbc0b11df9e161f60b5c19116a68ea02e21ff	002271ea62c9f34d04260e2fffcfbc0b11df9e161f60b5c19116a68ea02e21ff	c8ddda0a64f21cb019720cdda48c94354d4091e7	MIT	unresolved	none
LeanPool/FormalizationOfBoundedArithmetic/Complexity.lean	b12acebb1041b52fe6270088cd8d803e51668393382404deea90f62510c68d32	b12acebb1041b52fe6270088cd8d803e51668393382404deea90f62510c68d32	c8ddda0a64f21cb019720cdda48c94354d4091e7	MIT	unresolved	none
LeanPool/FormalizationOfBoundedArithmetic/DisplayedVariables.lean	bca0e84b886effb8ba6430268040d9621b992200ea2f96864ce362f7d400557b	bca0e84b886effb8ba6430268040d9621b992200ea2f96864ce362f7d400557b	c8ddda0a64f21cb019720cdda48c94354d4091e7	MIT	unresolved	none
LeanPool/FormalizationOfBoundedArithmetic/IDelta0.lean	24443f71aec9d190d2d2203229f40e8bf18aec3cf4fd661d827e16c565743b22	24443f71aec9d190d2d2203229f40e8bf18aec3cf4fd661d827e16c565743b22	c8ddda0a64f21cb019720cdda48c94354d4091e7	MIT	unresolved	none
LeanPool/FormalizationOfBoundedArithmetic/IOPEN.lean	6d804104f5180882869ae52064d7a92db8dd8de39807e4345d6a6068301f241e	6b1068990b27d508d668b541b2df75a295ccaf695af21e945d6d9eb234394ce1	c8ddda0a64f21cb019720cdda48c94354d4091e7	MIT	unresolved	Mathlib path compatibility port
LeanPool/FormalizationOfBoundedArithmetic/IsEnum.lean	2dd6ffe246888b7fee168452e92a7f5fbf6262a69d09aa1c67ed675b243c883b	2dd9f67c8731d32600ab14038f65c3521f64137602f068f1b62db8dcf59fa2cb	c8ddda0a64f21cb019720cdda48c94354d4091e7	MIT	unresolved	Mathlib path compatibility port (IsEmpty and Finite module paths)
LeanPool/FormalizationOfBoundedArithmetic/LanguagePeano.lean	00dff7b7084862dfd5a7d2caa2c6f4bcc188632651f2636b68edf34388b77214	00dff7b7084862dfd5a7d2caa2c6f4bcc188632651f2636b68edf34388b77214	c8ddda0a64f21cb019720cdda48c94354d4091e7	MIT	unresolved	none
LeanPool/FormalizationOfBoundedArithmetic/LanguageZambella.lean	605ea2e057383f871e2ccc27a422c98e341c81a20500187f18b7619f0fc44be8	605ea2e057383f871e2ccc27a422c98e341c81a20500187f18b7619f0fc44be8	c8ddda0a64f21cb019720cdda48c94354d4091e7	MIT	unresolved	none
LeanPool/FormalizationOfBoundedArithmetic/MathlibSimps.lean	8bd45c5c61a10f005a1a0714a90245bd95d7b2e49ae82c5c1e1885ce3b5fe3bf	8bd45c5c61a10f005a1a0714a90245bd95d7b2e49ae82c5c1e1885ce3b5fe3bf	c8ddda0a64f21cb019720cdda48c94354d4091e7	MIT	unresolved	none
LeanPool/FormalizationOfBoundedArithmetic/Order.lean	1fa623e4db150568fc9144bf7ec8e0f35035bed57145faf66c4802c204da1fa4	1fa623e4db150568fc9144bf7ec8e0f35035bed57145faf66c4802c204da1fa4	c8ddda0a64f21cb019720cdda48c94354d4091e7	MIT	unresolved	none
LeanPool/FormalizationOfBoundedArithmetic/Register.lean	330b6eae6a95f08175ab52f728d6f9a3587c674709e5d7f135760a26302cba5a	330b6eae6a95f08175ab52f728d6f9a3587c674709e5d7f135760a26302cba5a	c8ddda0a64f21cb019720cdda48c94354d4091e7	MIT	unresolved	none
LeanPool/FormalizationOfBoundedArithmetic/Semantics.lean	cc697cf5120cab16324b9760450db121948b82a6d0697aafdc2d8fe0febd733a	cc697cf5120cab16324b9760450db121948b82a6d0697aafdc2d8fe0febd733a	c8ddda0a64f21cb019720cdda48c94354d4091e7	MIT	unresolved	none
LeanPool/FormalizationOfBoundedArithmetic/SimpRules.lean	e001eaa2476fc258d67c7dcab3417bc59d36ca3c4b6dbab4833f67a8e5eb158a	e001eaa2476fc258d67c7dcab3417bc59d36ca3c4b6dbab4833f67a8e5eb158a	c8ddda0a64f21cb019720cdda48c94354d4091e7	MIT	unresolved	none
LeanPool/FormalizationOfBoundedArithmetic/Syntax.lean	195b0f92daea2324be2e0cdc951f755fae0647a0b23d5709e23bb0590b250e00	195b0f92daea2324be2e0cdc951f755fae0647a0b23d5709e23bb0590b250e00	c8ddda0a64f21cb019720cdda48c94354d4091e7	MIT	unresolved	none
LeanPool/FormalizationOfBoundedArithmetic/V0.lean	486dd20e9f35daa6a5117b946dd00de77b97d7c60c4917c7dd0285c85dfdcea7	486dd20e9f35daa6a5117b946dd00de77b97d7c60c4917c7dd0285c85dfdcea7	c8ddda0a64f21cb019720cdda48c94354d4091e7	MIT	unresolved	none
LeanPool/FormalizationOfBoundedArithmetic/V0StrAddAssoc.lean	dbe1b9bb59dddf35d8c84e220386361ca305de0207159f00d83ef766b54b1985	dbe1b9bb59dddf35d8c84e220386361ca305de0207159f00d83ef766b54b1985	c8ddda0a64f21cb019720cdda48c94354d4091e7	MIT	unresolved	none
LeanPool/FormalizationOfBoundedArithmetic/V0StrAddComm.lean	f79b8c4f8c1f457ae23efe0e304e958de1172fe6cef7c0d487e797a7d18eefec	f79b8c4f8c1f457ae23efe0e304e958de1172fe6cef7c0d487e797a7d18eefec	c8ddda0a64f21cb019720cdda48c94354d4091e7	MIT	unresolved	none
LeanPool/FormalizationOfBoundedArithmetic/V0StrSuccAssoc.lean	fa4d72c46062c183fb20c7a28a1903a69fa95ff424c3b1bc66f02c9bd56d9fe3	fa4d72c46062c183fb20c7a28a1903a69fa95ff424c3b1bc66f02c9bd56d9fe3	c8ddda0a64f21cb019720cdda48c94354d4091e7	MIT	unresolved	none
LeanPool/PartialCombinatoryAlgebras.lean	72943e289c56e43c31e3e1390bcde5566cd3d7645e6f0c2f7d401492048df341	72943e289c56e43c31e3e1390bcde5566cd3d7645e6f0c2f7d401492048df341	c8ddda0a64f21cb019720cdda48c94354d4091e7	MIT	unresolved	none
LeanPool/PartialCombinatoryAlgebras/Basic.lean	02e1deef19bdf6256afa2899cbb7e2ebe8cbb35c3b45230d8ba133fcfc0386e6	02e1deef19bdf6256afa2899cbb7e2ebe8cbb35c3b45230d8ba133fcfc0386e6	c8ddda0a64f21cb019720cdda48c94354d4091e7	MIT	unresolved	none
LeanPool/PartialCombinatoryAlgebras/CombinatoryAlgebra.lean	a00bd1781ca3aa376fba35fa36b8dc5c4edaeb0c06777f011592b2722ac3a793	a00bd1781ca3aa376fba35fa36b8dc5c4edaeb0c06777f011592b2722ac3a793	c8ddda0a64f21cb019720cdda48c94354d4091e7	MIT	unresolved	none
LeanPool/PartialCombinatoryAlgebras/FreeCombinatoryAlgebra.lean	f59cf53ed4d7f02cde3512e1373223440bd1420a20e62058e0750b8427385062	f59cf53ed4d7f02cde3512e1373223440bd1420a20e62058e0750b8427385062	c8ddda0a64f21cb019720cdda48c94354d4091e7	MIT	unresolved	none
LeanPool/PartialCombinatoryAlgebras/GraphModel.lean	d39ddb349a8a349cd46b1dea94e4907a65028a9d2e039f36dff19cd71245b591	d39ddb349a8a349cd46b1dea94e4907a65028a9d2e039f36dff19cd71245b591	c8ddda0a64f21cb019720cdda48c94354d4091e7	MIT	unresolved	none
LeanPool/PartialCombinatoryAlgebras/PartialCombinatoryAlgebra.lean	d0cbbc2065132b8ece076bf770ced02d828d21e7054ebe0eb9e053e6e1906614	d0cbbc2065132b8ece076bf770ced02d828d21e7054ebe0eb9e053e6e1906614	c8ddda0a64f21cb019720cdda48c94354d4091e7	MIT	unresolved	none
LeanPool/PartialCombinatoryAlgebras/Programming.lean	6244698f4a7fc7fc40144f5e6f1951f33d731900adf7552d28c93867982e9d6d	6244698f4a7fc7fc40144f5e6f1951f33d731900adf7552d28c93867982e9d6d	c8ddda0a64f21cb019720cdda48c94354d4091e7	MIT	unresolved	none
LeanPool/Computability.lean	518a808713117b1b0513f94b07dc12d182614c5c636f8da8bbc330cd42271ece	518a808713117b1b0513f94b07dc12d182614c5c636f8da8bbc330cd42271ece	c8ddda0a64f21cb019720cdda48c94354d4091e7	Apache-2.0	unresolved	none
LeanPool/Computability/ArithHierarchy.lean	1550c3e63d59980e4be8097df448ea805caf61b93b8a2cb84f0c3928b9a86187	1550c3e63d59980e4be8097df448ea805caf61b93b8a2cb84f0c3928b9a86187	c8ddda0a64f21cb019720cdda48c94354d4091e7	Apache-2.0	unresolved	none
LeanPool/Computability/AutGrp.lean	19ea434013d24ca4ac7bd21a381029120283946a61199b21db6ce6a3731a75e7	19ea434013d24ca4ac7bd21a381029120283946a61199b21db6ce6a3731a75e7	c8ddda0a64f21cb019720cdda48c94354d4091e7	Apache-2.0	unresolved	none
LeanPool/Computability/Encoding.lean	94523b4d937793b7c1095fb3a51572cd7bfc599852d0f1f0d52a55e1d42290f1	3c5c3680c99938953aa3b1ebeb21b763b176a24be6651861ecd5ca5047f72519	c8ddda0a64f21cb019720cdda48c94354d4091e7	Apache-2.0	unresolved	Mathlib path compatibility port
LeanPool/Computability/Jump.lean	e4c6df8dca227c2c5ffb7c0b7db6e538f7b52107e62e41aed3e553de2712d2d8	e4c6df8dca227c2c5ffb7c0b7db6e538f7b52107e62e41aed3e553de2712d2d8	c8ddda0a64f21cb019720cdda48c94354d4091e7	Apache-2.0	unresolved	none
LeanPool/Computability/Oracle.lean	c8b17c2c4616a5e86bf89fc3e729255d8a8952c53f2bae4095ce70934cc88db2	c8b17c2c4616a5e86bf89fc3e729255d8a8952c53f2bae4095ce70934cc88db2	c8ddda0a64f21cb019720cdda48c94354d4091e7	Apache-2.0	unresolved	none
LeanPool/Computability/TuringDegree.lean	1a671f24ed92fdfa04bfbdd9787ef799cd92bebe31509101a2d5ee66ca702d06	1a671f24ed92fdfa04bfbdd9787ef799cd92bebe31509101a2d5ee66ca702d06	c8ddda0a64f21cb019720cdda48c94354d4091e7	Apache-2.0	unresolved	none
LeanPool/Lean4GlCoalgebras.lean	61f45cc487362cd9851734f3d333370a0d1da670da0e19af6e5915e7ee8469e3	61f45cc487362cd9851734f3d333370a0d1da670da0e19af6e5915e7ee8469e3	c8ddda0a64f21cb019720cdda48c94354d4091e7	Apache-2.0	unresolved	none
LeanPool/Lean4GlCoalgebras/General/Completeness.lean	43ddbc31915db9c016f60dacb6f8acb5ff70cc92a853532ffe862ce994a1bab7	43ddbc31915db9c016f60dacb6f8acb5ff70cc92a853532ffe862ce994a1bab7	c8ddda0a64f21cb019720cdda48c94354d4091e7	Apache-2.0	unresolved	none
LeanPool/Lean4GlCoalgebras/General/Game.lean	8f11b6e9f5fd479541ba562121ca9ffb188395fbbb36941c8167546ee7ae7f53	8f11b6e9f5fd479541ba562121ca9ffb188395fbbb36941c8167546ee7ae7f53	c8ddda0a64f21cb019720cdda48c94354d4091e7	Apache-2.0	unresolved	none
LeanPool/Lean4GlCoalgebras/General/Proof.lean	71c16123d95cad83ef5d29a16d07ac4c37d33cf8b075ba7fe739e59d9b12df2d	71c16123d95cad83ef5d29a16d07ac4c37d33cf8b075ba7fe739e59d9b12df2d	c8ddda0a64f21cb019720cdda48c94354d4091e7	Apache-2.0	unresolved	none
LeanPool/Lean4GlCoalgebras/General/Soundness.lean	c58cf94ea6f2cd2843157fc3a7fccbefe09238173222e374203757bd66a30ef1	db6a850e6f6d6b7b5698414f3dcc872edd29d38329b8c462db81f35bcb0c35d3	c8ddda0a64f21cb019720cdda48c94354d4091e7	Apache-2.0	unresolved	compatibility import replacement
LeanPool/Lean4GlCoalgebras/Interpolation/Interpolants.lean	3177171c53a3db0293e6de3e4d8f6d70435906880ef4868fd414c85dee7f2fda	3177171c53a3db0293e6de3e4d8f6d70435906880ef4868fd414c85dee7f2fda	c8ddda0a64f21cb019720cdda48c94354d4091e7	Apache-2.0	unresolved	none
LeanPool/Lean4GlCoalgebras/Interpolation/Interpolation.lean	39485cb6e04360686391b048aff5e52bc33229aab70b7a8b92df81cb879325fd	39485cb6e04360686391b048aff5e52bc33229aab70b7a8b92df81cb879325fd	c8ddda0a64f21cb019720cdda48c94354d4091e7	Apache-2.0	unresolved	none
LeanPool/Lean4GlCoalgebras/Interpolation/PartialInterpolation.lean	f5708b358a0b243013a430a4364e1998944261ec0180773aee85c17cb324e62f	f5708b358a0b243013a430a4364e1998944261ec0180773aee85c17cb324e62f	c8ddda0a64f21cb019720cdda48c94354d4091e7	Apache-2.0	unresolved	none
LeanPool/Lean4GlCoalgebras/Logic/FixedPointTheorem.lean	b882ea10d1f1bc6a5fe148b401949f393bdb065af4550041fb557c8602ab3426	b882ea10d1f1bc6a5fe148b401949f393bdb065af4550041fb557c8602ab3426	c8ddda0a64f21cb019720cdda48c94354d4091e7	Apache-2.0	unresolved	none
LeanPool/Lean4GlCoalgebras/Logic/Semantics.lean	3e0184f2529a809e9a24864ba858b48aecc5273d7cd4cd02448cbfdd43437e93	568b26bbd03030ed622fd08919e56627218762144c7bd480727c6d08ce43d55a	c8ddda0a64f21cb019720cdda48c94354d4091e7	Apache-2.0	unresolved	compatibility import replacement
LeanPool/Lean4GlCoalgebras/Logic/Syntax.lean	c7a72b6279e1d581b16822bc37472e332d4f6d483aef25c42375b4fb418f3478	c7a72b6279e1d581b16822bc37472e332d4f6d483aef25c42375b4fb418f3478	c8ddda0a64f21cb019720cdda48c94354d4091e7	Apache-2.0	unresolved	none
LeanPool/Lean4GlCoalgebras/Pdl/Game.lean	f32ddc8c9a5ed9733ba7b8253d3e9ddb9e98dd60d0c5667c7ec89648b1d7a41e	f32ddc8c9a5ed9733ba7b8253d3e9ddb9e98dd60d0c5667c7ec89648b1d7a41e	c8ddda0a64f21cb019720cdda48c94354d4091e7	Apache-2.0	unresolved	none
LeanPool/Lean4GlCoalgebras/Split/Completeness.lean	ef2cb56a3a66a8b984bed0c6a169dcff854cd9b710edb26cf3fdb3c90415117d	ef2cb56a3a66a8b984bed0c6a169dcff854cd9b710edb26cf3fdb3c90415117d	c8ddda0a64f21cb019720cdda48c94354d4091e7	Apache-2.0	unresolved	none
LeanPool/Lean4GlCoalgebras/Split/CutProof.lean	6c000ef3787cfeb03f86768cbea7ed0b9132a1fe4302f84646d0cdf4a3c473c3	6c000ef3787cfeb03f86768cbea7ed0b9132a1fe4302f84646d0cdf4a3c473c3	c8ddda0a64f21cb019720cdda48c94354d4091e7	Apache-2.0	unresolved	none
LeanPool/Lean4GlCoalgebras/Split/Game.lean	7b5cfcd7583d2fc71464edad733ad0245ba6dd1e4bbc5e9de5d00e5f0025bd5a	7b5cfcd7583d2fc71464edad733ad0245ba6dd1e4bbc5e9de5d00e5f0025bd5a	c8ddda0a64f21cb019720cdda48c94354d4091e7	Apache-2.0	unresolved	none
LeanPool/Lean4GlCoalgebras/Split/Proof.lean	d711aa291a6a19b1c50c11d9d6fddde01a7fe8557dc2d88fc9f293b695140ce9	d711aa291a6a19b1c50c11d9d6fddde01a7fe8557dc2d88fc9f293b695140ce9	c8ddda0a64f21cb019720cdda48c94354d4091e7	Apache-2.0	unresolved	none
LeanPool/Lean4GlCoalgebras/Split/ProofTransformations.lean	579b0be6bb00786d956ff244cb7842f61a9a2e9ad824b3f929946ac59e49c9cb	579b0be6bb00786d956ff244cb7842f61a9a2e9ad824b3f929946ac59e49c9cb	c8ddda0a64f21cb019720cdda48c94354d4091e7	Apache-2.0	unresolved	none
LeanPool/Lean4GlCoalgebras/Split/Soundness.lean	23f6634549fd5de77333b68617af4a3975a579f195b287344b73447dcbd92b8d	5557ddcf2591bd3d992a23a86b23b99fe7c8690745e1ec54b9eae2fa217e0f65	c8ddda0a64f21cb019720cdda48c94354d4091e7	Apache-2.0	unresolved	compatibility import replacement
LeanPool/LeanModelChecking.lean	e8d5794d039ae3fcbff663653d0a061d61a0dad3f2270e27c38f588508e19810	e8d5794d039ae3fcbff663653d0a061d61a0dad3f2270e27c38f588508e19810	c8ddda0a64f21cb019720cdda48c94354d4091e7	Apache-2.0	unresolved	none
LeanPool/LeanModelChecking/ABW.lean	8817c3b7952c0eeed12692a9d41e02fcffd70abfd5ad5ad03facc7ee1156f943	8817c3b7952c0eeed12692a9d41e02fcffd70abfd5ad5ad03facc7ee1156f943	c8ddda0a64f21cb019720cdda48c94354d4091e7	Apache-2.0	unresolved	none
LeanPool/LeanModelChecking/ABWNBW.lean	3ac77844a78898174e38f1b5622a8ea55ad33dc4e46c1957c593d38ffa089b01	3ac77844a78898174e38f1b5622a8ea55ad33dc4e46c1957c593d38ffa089b01	c8ddda0a64f21cb019720cdda48c94354d4091e7	Apache-2.0	unresolved	none
LeanPool/LeanModelChecking/LTLNBWResult.lean	87b18272ea9a48ad22de378d0f76a865f1c99edd184b31a9ddadc79e99000af4	079b01096ad2f08c49cbb3916ff0a41e4028e1bf064202da5b5ae499dd60a405	c8ddda0a64f21cb019720cdda48c94354d4091e7	Apache-2.0	unresolved	compatibility import replacement
LeanPool/LeanModelChecking/LTLNBWStatement.lean	fdc1617739a71afe48b4599eb870d82e46c67a7c03478bc55e7e66923e30d391	59352b39fb164549d3dee882eb3be50837c4469219a61a37c1ff5f7dc8f0f117	c8ddda0a64f21cb019720cdda48c94354d4091e7	Apache-2.0	unresolved	compatibility import replacement
LeanPool/LeanModelChecking/LTLNNF.lean	c5a227ba3f7ca7d02637b85dfa9500e03159e15fea51f5b2d182f4159f3b01d2	c5a227ba3f7ca7d02637b85dfa9500e03159e15fea51f5b2d182f4159f3b01d2	c8ddda0a64f21cb019720cdda48c94354d4091e7	Apache-2.0	unresolved	none
LeanPool/LeanModelChecking/NNFABW.lean	ac42058561e26e657a9b89ab99da2a8d6dcfbcb1e9ee19181ee72e41c432ac12	ac42058561e26e657a9b89ab99da2a8d6dcfbcb1e9ee19181ee72e41c432ac12	c8ddda0a64f21cb019720cdda48c94354d4091e7	Apache-2.0	unresolved	none
LeanPool/LeanModelChecking/SafetyLivenessDecomposition.lean	d9cdab08a95dea67e77a332b869991431c6eedb7203ddf0b09ea3911d7a67fa2	d9cdab08a95dea67e77a332b869991431c6eedb7203ddf0b09ea3911d7a67fa2	c8ddda0a64f21cb019720cdda48c94354d4091e7	Apache-2.0	unresolved	none
LeanPool/Lentil.lean	88efd0c3df2dca74036fa78390c8fc766fd5c93d1d73e85bca0b45bb8dd68f01	88efd0c3df2dca74036fa78390c8fc766fd5c93d1d73e85bca0b45bb8dd68f01	c8ddda0a64f21cb019720cdda48c94354d4091e7	Apache-2.0	unresolved	none
LeanPool/Lentil/Basic.lean	847678cffdea85bc3492066dd9568f5fd10895d631907ca1dcfd56dad9b615fc	847678cffdea85bc3492066dd9568f5fd10895d631907ca1dcfd56dad9b615fc	c8ddda0a64f21cb019720cdda48c94354d4091e7	Apache-2.0	unresolved	none
LeanPool/Lentil/Expr.lean	7cc921c9a33b3cc85a277486943dc60a0a04629d97b9676277475c1319ed39ef	7cc921c9a33b3cc85a277486943dc60a0a04629d97b9676277475c1319ed39ef	c8ddda0a64f21cb019720cdda48c94354d4091e7	Apache-2.0	unresolved	none
LeanPool/Lentil/Foldable.lean	35d575ed5ff50c5469a9259a9da9b228836a96687939d436b1aee702d52d118f	35d575ed5ff50c5469a9259a9da9b228836a96687939d436b1aee702d52d118f	c8ddda0a64f21cb019720cdda48c94354d4091e7	Apache-2.0	unresolved	none
LeanPool/Lentil/Gadgets/TheoremDeriving.lean	be32fa0c506d80ab1cb6ff6463e1f33f08dd4dde1b98bec57d5ee7249189d22d	be32fa0c506d80ab1cb6ff6463e1f33f08dd4dde1b98bec57d5ee7249189d22d	c8ddda0a64f21cb019720cdda48c94354d4091e7	Apache-2.0	unresolved	none
LeanPool/Lentil/Gadgets/TheoremLifting.lean	37f1b272769be115b71549d4ed9827ed362bfba4addab23530d1b55578ba0a22	37f1b272769be115b71549d4ed9827ed362bfba4addab23530d1b55578ba0a22	c8ddda0a64f21cb019720cdda48c94354d4091e7	Apache-2.0	unresolved	none
LeanPool/Lentil/ProofMode/Basic.lean	ca00a8b779d6e99d3100d4b066b6781c2356654c9df569616ab505e2aa310a9c	ca00a8b779d6e99d3100d4b066b6781c2356654c9df569616ab505e2aa310a9c	c8ddda0a64f21cb019720cdda48c94354d4091e7	Apache-2.0	unresolved	none
LeanPool/Lentil/ProofMode/Display.lean	3fc7cb02fc1c1cdc773014a508e4b5f27b12ea8d310c66ce434ff082e39c157b	3fc7cb02fc1c1cdc773014a508e4b5f27b12ea8d310c66ce434ff082e39c157b	c8ddda0a64f21cb019720cdda48c94354d4091e7	Apache-2.0	unresolved	none
LeanPool/Lentil/ProofMode/Location.lean	e11ca20af93a3ef2607b9fbb5d6a5a2b64b404a61eb4622d33cea11aefa2f2b8	e11ca20af93a3ef2607b9fbb5d6a5a2b64b404a61eb4622d33cea11aefa2f2b8	c8ddda0a64f21cb019720cdda48c94354d4091e7	Apache-2.0	unresolved	none
LeanPool/Lentil/ProofMode/Tactics/Apply.lean	6c781d02cabfd193df589de50d524aaa1f0547da05967602807d7e1a8546aab2	6c781d02cabfd193df589de50d524aaa1f0547da05967602807d7e1a8546aab2	c8ddda0a64f21cb019720cdda48c94354d4091e7	Apache-2.0	unresolved	none
LeanPool/Lentil/ProofMode/Tactics/Assumption.lean	acd6926ff20fd3be39656fe886b7e7e9361b7455b25b65b5844ed5c7c25b37f2	acd6926ff20fd3be39656fe886b7e7e9361b7455b25b65b5844ed5c7c25b37f2	c8ddda0a64f21cb019720cdda48c94354d4091e7	Apache-2.0	unresolved	none
LeanPool/Lentil/ProofMode/Tactics/CheckGoalForm.lean	3d4f0d242a88f04eee148bd5932d40d0f6cecdd73009a653bd8f2cd577615123	3d4f0d242a88f04eee148bd5932d40d0f6cecdd73009a653bd8f2cd577615123	c8ddda0a64f21cb019720cdda48c94354d4091e7	Apache-2.0	unresolved	none
LeanPool/Lentil/ProofMode/Tactics/Clear.lean	473207abdbd97115b55684853a727f3909a5b82aa5d78bf3c52954ef9715e9f5	473207abdbd97115b55684853a727f3909a5b82aa5d78bf3c52954ef9715e9f5	c8ddda0a64f21cb019720cdda48c94354d4091e7	Apache-2.0	unresolved	none
LeanPool/Lentil/ProofMode/Tactics/CoalesceToPTL.lean	714aeb3d61a3bdd824c4f68349e173b4dca64367e9baa93773b8632aee5272f1	714aeb3d61a3bdd824c4f68349e173b4dca64367e9baa93773b8632aee5272f1	c8ddda0a64f21cb019720cdda48c94354d4091e7	Apache-2.0	unresolved	none
LeanPool/Lentil/ProofMode/Tactics/Contradiction.lean	4c6d5f9aaa91205dd83808d9663eda7d256458ca80bcef8e53b65c69b6438d82	4c6d5f9aaa91205dd83808d9663eda7d256458ca80bcef8e53b65c69b6438d82	c8ddda0a64f21cb019720cdda48c94354d4091e7	Apache-2.0	unresolved	none
LeanPool/Lentil/ProofMode/Tactics/Exists.lean	0cca1dd9118255bddbc93b2403abc70cd11fc83b36de3ee50ebed0bc3c50ef32	0cca1dd9118255bddbc93b2403abc70cd11fc83b36de3ee50ebed0bc3c50ef32	c8ddda0a64f21cb019720cdda48c94354d4091e7	Apache-2.0	unresolved	none
LeanPool/Lentil/ProofMode/Tactics/Exit.lean	86e18143468e7abaad4b611eb5cbde7d8f5be626e1a97f4c7f83963f2b7c7914	86e18143468e7abaad4b611eb5cbde7d8f5be626e1a97f4c7f83963f2b7c7914	c8ddda0a64f21cb019720cdda48c94354d4091e7	Apache-2.0	unresolved	none
LeanPool/Lentil/ProofMode/Tactics/Have.lean	123a0f52bbfce9956f52626a0063f2f7ce331d21c1422bac3c58f4aa0372f118	123a0f52bbfce9956f52626a0063f2f7ce331d21c1422bac3c58f4aa0372f118	c8ddda0a64f21cb019720cdda48c94354d4091e7	Apache-2.0	unresolved	none
LeanPool/Lentil/ProofMode/Tactics/Intro.lean	36a969ac897ba0c81222f07552483849c510e3778b57293fec6ab25f0c1128ce	36a969ac897ba0c81222f07552483849c510e3778b57293fec6ab25f0c1128ce	c8ddda0a64f21cb019720cdda48c94354d4091e7	Apache-2.0	unresolved	none
LeanPool/Lentil/ProofMode/Tactics/LeftRight.lean	9746340651620f1b4d64388ff2b693cdb5102fdb3a8107f7307c7ff28c0848f2	9746340651620f1b4d64388ff2b693cdb5102fdb3a8107f7307c7ff28c0848f2	c8ddda0a64f21cb019720cdda48c94354d4091e7	Apache-2.0	unresolved	none
LeanPool/Lentil/ProofMode/Tactics/ModalityMisc.lean	30d8ee917faf0141643d0ce52a4c9f543081aebdb864235d13848c52e4abf79f	30d8ee917faf0141643d0ce52a4c9f543081aebdb864235d13848c52e4abf79f	c8ddda0a64f21cb019720cdda48c94354d4091e7	Apache-2.0	unresolved	none
LeanPool/Lentil/ProofMode/Tactics/Monotone.lean	061ca5c0ad4e9c33877a4d0894dc5fac913942d194609f14de04db9b4754fc49	061ca5c0ad4e9c33877a4d0894dc5fac913942d194609f14de04db9b4754fc49	c8ddda0a64f21cb019720cdda48c94354d4091e7	Apache-2.0	unresolved	none
LeanPool/Lentil/ProofMode/Tactics/Normalize.lean	d6be40ec50b001bc77484a98227b60a884c0e849cc642aba1816f58e117eca45	d6be40ec50b001bc77484a98227b60a884c0e849cc642aba1816f58e117eca45	c8ddda0a64f21cb019720cdda48c94354d4091e7	Apache-2.0	unresolved	none
LeanPool/Lentil/ProofMode/Tactics/PurePred.lean	035b7625aa969cb4e7637ed46a2c27ac7fc402457684c0424c33aa3126428cd3	035b7625aa969cb4e7637ed46a2c27ac7fc402457684c0424c33aa3126428cd3	c8ddda0a64f21cb019720cdda48c94354d4091e7	Apache-2.0	unresolved	none
LeanPool/Lentil/ProofMode/Tactics/RCases.lean	42fc41799f8dc54479bdf2c687694b6205e0e409849bcea1069ce08b79700854	42fc41799f8dc54479bdf2c687694b6205e0e409849bcea1069ce08b79700854	c8ddda0a64f21cb019720cdda48c94354d4091e7	Apache-2.0	unresolved	none
LeanPool/Lentil/ProofMode/Tactics/Rename.lean	269f3f2b01c69c7f9581e10e8d87d26910f567f69d2b73846b58370028984cf7	269f3f2b01c69c7f9581e10e8d87d26910f567f69d2b73846b58370028984cf7	c8ddda0a64f21cb019720cdda48c94354d4091e7	Apache-2.0	unresolved	none
LeanPool/Lentil/ProofMode/Tactics/Revert.lean	859cd9570c136375b53d7a16599f850d07630a43bc26a20f8c9a659b375d38a2	859cd9570c136375b53d7a16599f850d07630a43bc26a20f8c9a659b375d38a2	c8ddda0a64f21cb019720cdda48c94354d4091e7	Apache-2.0	unresolved	none
LeanPool/Lentil/ProofMode/Tactics/Rewrite.lean	d0fc2b34542419077117bd6413b11ea37cae295e0758c0f5feca1302474c59fc	d0fc2b34542419077117bd6413b11ea37cae295e0758c0f5feca1302474c59fc	c8ddda0a64f21cb019720cdda48c94354d4091e7	Apache-2.0	unresolved	none
LeanPool/Lentil/ProofMode/Tactics/Simp.lean	3f409d702c223b76147edc297aa9d81dab1306c5579a511188ab96b73224e6dd	3f409d702c223b76147edc297aa9d81dab1306c5579a511188ab96b73224e6dd	c8ddda0a64f21cb019720cdda48c94354d4091e7	Apache-2.0	unresolved	none
LeanPool/Lentil/ProofMode/Tactics/Specialize.lean	9cf04428db414b9baf7d8f895827940bbf58a4f1ff1f73eb70e701bae902043a	9cf04428db414b9baf7d8f895827940bbf58a4f1ff1f73eb70e701bae902043a	c8ddda0a64f21cb019720cdda48c94354d4091e7	Apache-2.0	unresolved	none
LeanPool/Lentil/ProofMode/Tactics/SplitAnds.lean	9fd8940cd108fec99ac37d4cfef58b56b4a03f7c42b23252948a95aa160dfac5	9fd8940cd108fec99ac37d4cfef58b56b4a03f7c42b23252948a95aa160dfac5	c8ddda0a64f21cb019720cdda48c94354d4091e7	Apache-2.0	unresolved	none
LeanPool/Lentil/ProofMode/Tactics/Start.lean	cd0d6f0fd40b1dfb55e3feba7af769aa4810d85db3540c253aac0f09c7091d62	cd0d6f0fd40b1dfb55e3feba7af769aa4810d85db3540c253aac0f09c7091d62	c8ddda0a64f21cb019720cdda48c94354d4091e7	Apache-2.0	unresolved	none
LeanPool/Lentil/ProofMode/Tactics.lean	26f020b7d74c2c13806d94db31ead25c6c887772e8ce8a3868f8a78cf1fee0a0	26f020b7d74c2c13806d94db31ead25c6c887772e8ce8a3868f8a78cf1fee0a0	c8ddda0a64f21cb019720cdda48c94354d4091e7	Apache-2.0	unresolved	none
LeanPool/Lentil/Rules/Basic.lean	9485492f70accdcf2128478c3822bce5d9c36104350cd27e30e758a1e277922d	9485492f70accdcf2128478c3822bce5d9c36104350cd27e30e758a1e277922d	c8ddda0a64f21cb019720cdda48c94354d4091e7	Apache-2.0	unresolved	none
LeanPool/Lentil/Rules/BigOp.lean	3df3c655e3984ddde34680cd0eb93e5099759d2934cdb80809ff15010165b50e	3df3c655e3984ddde34680cd0eb93e5099759d2934cdb80809ff15010165b50e	c8ddda0a64f21cb019720cdda48c94354d4091e7	Apache-2.0	unresolved	none
LeanPool/Lentil/Rules/LeadsTo.lean	bb3d83524fba888cc7e91871509cb3a61f9cfe7a7631fe2aba79cd596b2cbaa5	bb3d83524fba888cc7e91871509cb3a61f9cfe7a7631fe2aba79cd596b2cbaa5	c8ddda0a64f21cb019720cdda48c94354d4091e7	Apache-2.0	unresolved	none
LeanPool/Lentil/Rules/StatePred.lean	1d777d15f6b01a7c5f5d8965a96f34e80faa7391e8653bbbff094cadd10e0254	1d777d15f6b01a7c5f5d8965a96f34e80faa7391e8653bbbff094cadd10e0254	c8ddda0a64f21cb019720cdda48c94354d4091e7	Apache-2.0	unresolved	none
LeanPool/Lentil/Rules/WF.lean	665323afe247196e711b3d58a953578dc2847d5e08dc16c6ad885b04b6d34a81	665323afe247196e711b3d58a953578dc2847d5e08dc16c6ad885b04b6d34a81	c8ddda0a64f21cb019720cdda48c94354d4091e7	Apache-2.0	unresolved	none
LeanPool/Lentil/Tactics/Basic.lean	5e49bbf975c8885517fcee5f19bb1739ae2131f05fc58c956d529a9b10643c08	5e49bbf975c8885517fcee5f19bb1739ae2131f05fc58c956d529a9b10643c08	c8ddda0a64f21cb019720cdda48c94354d4091e7	Apache-2.0	unresolved	none
LeanPool/Lentil/Tactics/FiniteWindow.lean	fdc1103a1298fc655cb4f9487f2c32dcf5553c00f70586e1273b95a09b346c0f	fdc1103a1298fc655cb4f9487f2c32dcf5553c00f70586e1273b95a09b346c0f	c8ddda0a64f21cb019720cdda48c94354d4091e7	Apache-2.0	unresolved	none
LeanPool/Lentil/Util.lean	a6fe954f49674e9399236b0aaa9c1e134f4a056ee5f6c05ea4e22ffe021eb578	a6fe954f49674e9399236b0aaa9c1e134f4a056ee5f6c05ea4e22ffe021eb578	c8ddda0a64f21cb019720cdda48c94354d4091e7	Apache-2.0	unresolved	none
LeanPool/Lentil/Utils/MetaUtil.lean	190585fff68ab4c43d9c49bcae621e7bb0169158fdc0b984f02855e739eb6a7d	190585fff68ab4c43d9c49bcae621e7bb0169158fdc0b984f02855e739eb6a7d	c8ddda0a64f21cb019720cdda48c94354d4091e7	Apache-2.0	unresolved	none
LeanPool/Lentil/Utils/MiscLemmas.lean	e0c7227c22dbe58a7d9129fac1b6d26e38cdf6c65e9ec585a69cd0f5a010cec8	e0c7227c22dbe58a7d9129fac1b6d26e38cdf6c65e9ec585a69cd0f5a010cec8	c8ddda0a64f21cb019720cdda48c94354d4091e7	Apache-2.0	unresolved	none
LeanPool/Lentil/Utils/SyntaxUtil.lean	76bceff13a30d60da8bdd21baaa709243935d8cf0fc48d05f1b396109c2c68d1	76bceff13a30d60da8bdd21baaa709243935d8cf0fc48d05f1b396109c2c68d1	c8ddda0a64f21cb019720cdda48c94354d4091e7	Apache-2.0	unresolved	none
third_party/lean-pool/LICENSE	c95bae1d1ce0235ecccd3560b772ec1efb97f348a79f0fbe0a634f0c2ccefe2c	c95bae1d1ce0235ecccd3560b772ec1efb97f348a79f0fbe0a634f0c2ccefe2c	c8ddda0a64f21cb019720cdda48c94354d4091e7	Apache-2.0	n/a	none
third_party/lean-pool/NOTICE	95841931044492153161c3012f9d782f7f194abdb222e9e1d07c085a4a74bf5b	95841931044492153161c3012f9d782f7f194abdb222e9e1d07c085a4a74bf5b	c8ddda0a64f21cb019720cdda48c94354d4091e7	Apache-2.0	n/a	none
third_party/lean-pool/NOTICE.extra.yml	724d82386cccfec264a71fabe3cae8cf7e5e410a49e827105c300710424d3447	8f8b2918954ff8c8a0b2d117531945cd37cab0fb2701d0cef50854269e211197	c8ddda0a64f21cb019720cdda48c94354d4091e7	Apache-2.0	n/a	notice copy newline normalization
